"Index","Total","Status","Title","Rule Number","Rule Name","Folder","Image Path","Prompt Path","Result Path","Duration Seconds","Error","Completed At UTC"
"1","177","skipped","Ball Bounces Out Of The Hole – Is It Holed?","Def.","Ball bounces back out of the hole","output\000_001_Ball_Bounces_Out_Of_The_Hole_Is_It_Holed","output\000_001_Ball_Bounces_Out_Of_The_Hole_Is_It_Holed\illustration-v2.png","output\000_001_Ball_Bounces_Out_Of_The_Hole_Is_It_Holed\final-prompt-v2.txt","output\000_001_Ball_Bounces_Out_Of_The_Hole_Is_It_Holed\image-generation-v2.json","0.01","","2026-06-24T14:50:43.104Z"
"2","177","skipped","What counts as the general area?","R2","General area","output\002_001_What_counts_as_the_general_area","output\002_001_What_counts_as_the_general_area\illustration-v2.png","output\002_001_What_counts_as_the_general_area\final-prompt-v2.txt","output\002_001_What_counts_as_the_general_area\image-generation-v2.json","0.01","","2026-06-24T14:50:43.104Z"
"3","177","skipped","Too Many Clubs Discovered After Starting Round","R4","Maximum of 14 clubs","output\004_002_Too_Many_Clubs_Discovered_After_Starting_Round","output\004_002_Too_Many_Clubs_Discovered_After_Starting_Round\illustration-v2.png","output\004_002_Too_Many_Clubs_Discovered_After_Starting_Round\final-prompt-v2.txt","output\004_002_Too_Many_Clubs_Discovered_After_Starting_Round\image-generation-v2.json","0.00","","2026-06-24T14:50:43.102Z"
"4","177","skipped","Borrowing a Club During a Round","R4","Maximum of 14 clubs","output\004_003_Borrowing_a_Club_During_a_Round","output\004_003_Borrowing_a_Club_During_a_Round\illustration-v2.png","output\004_003_Borrowing_a_Club_During_a_Round\final-prompt-v2.txt","output\004_003_Borrowing_a_Club_During_a_Round\image-generation-v2.json","0.01","","2026-06-24T14:50:43.107Z"
"5","177","skipped","Penalty for Arriving Late to the Tee","R5","Late arrival","output\005_001_Penalty_for_Arriving_Late_to_the_Tee","output\005_001_Penalty_for_Arriving_Late_to_the_Tee\illustration-v2.png","output\005_001_Penalty_for_Arriving_Late_to_the_Tee\final-prompt-v2.txt","output\005_001_Penalty_for_Arriving_Late_to_the_Tee\image-generation-v2.json","0.01","","2026-06-24T14:50:43.105Z"
"6","177","success","Practising after finishing a hole","R5","Practice putting and chipping","output\005_004_Practising_after_finishing_a_hole","output\005_004_Practising_after_finishing_a_hole\illustration-v2.png","output\005_004_Practising_after_finishing_a_hole\final-prompt-v2.txt","output\005_004_Practising_after_finishing_a_hole\image-generation-v2.json","155.65","","2026-06-24T14:53:18.751Z"
"7","177","skipped","What to Do When Play Is Suspended Due to a Thunderstorm","R5","Suspension of play/thunderstorm","output\005_004_What_to_Do_When_Play_Is_Suspended_Due_to_a_Thunderstorm","output\005_004_What_to_Do_When_Play_Is_Suspended_Due_to_a_Thunderstorm\illustration-v2.png","output\005_004_What_to_Do_When_Play_Is_Suspended_Due_to_a_Thunderstorm\final-prompt-v2.txt","output\005_004_What_to_Do_When_Play_Is_Suspended_Due_to_a_Thunderstorm\image-generation-v2.json","0.00","","2026-06-24T14:50:43.162Z"
"8","177","skipped","Chipping and putting before your tee shot","R5","Chipping and putting while waiting","output\005_005_Chipping_and_putting_before_your_tee_shot","output\005_005_Chipping_and_putting_before_your_tee_shot\illustration-v2.png","output\005_005_Chipping_and_putting_before_your_tee_shot\final-prompt-v2.txt","output\005_005_Chipping_and_putting_before_your_tee_shot\image-generation-v2.json","0.00","","2026-06-24T14:50:43.164Z"
"9","177","skipped","What To Do If There's a Risk of Lightning","R5","Suspension of play/thunderstorm","output\005_005_What_To_Do_If_Theres_a_Risk_of_Lightning","output\005_005_What_To_Do_If_Theres_a_Risk_of_Lightning\illustration-v2.png","output\005_005_What_To_Do_If_Theres_a_Risk_of_Lightning\final-prompt-v2.txt","output\005_005_What_To_Do_If_Theres_a_Risk_of_Lightning\image-generation-v2.json","0.00","","2026-06-24T14:50:43.166Z"
"10","177","skipped","Penalty for hitting the wrong ball in a penalty area","R6","Penalty area – Wrong ball","output\006_001_Penalty_for_hitting_the_wrong_ball_in_a_penalty_area","output\006_001_Penalty_for_hitting_the_wrong_ball_in_a_penalty_area\illustration-v2.png","output\006_001_Penalty_for_hitting_the_wrong_ball_in_a_penalty_area\final-prompt-v2.txt","output\006_001_Penalty_for_hitting_the_wrong_ball_in_a_penalty_area\image-generation-v2.json","0.00","","2026-06-24T14:50:43.168Z"
"11","177","skipped","Penalty for playing the wrong ball","R6","Wrong ball","output\006_001_Penalty_for_playing_the_wrong_ball","output\006_001_Penalty_for_playing_the_wrong_ball\illustration-v2.png","output\006_001_Penalty_for_playing_the_wrong_ball\final-prompt-v2.txt","output\006_001_Penalty_for_playing_the_wrong_ball\image-generation-v2.json","0.00","","2026-06-24T14:50:43.171Z"
"12","177","success","Playing from the wrong teeing area","R6","Playing from the teeing area","output\006_001_Playing_from_the_wrong_teeing_area","output\006_001_Playing_from_the_wrong_teeing_area\illustration-v2.png","output\006_001_Playing_from_the_wrong_teeing_area\final-prompt-v2.txt","output\006_001_Playing_from_the_wrong_teeing_area\image-generation-v2.json","185.54","","2026-06-24T14:53:48.715Z"
"13","177","success","What happens if you tee off in the wrong order?","6","Playing in the wrong order","output\006_001_What_happens_if_you_tee_off_in_the_wrong_order","output\006_001_What_happens_if_you_tee_off_in_the_wrong_order\illustration-v2.png","output\006_001_What_happens_if_you_tee_off_in_the_wrong_order\final-prompt-v2.txt","output\006_001_What_happens_if_you_tee_off_in_the_wrong_order\image-generation-v2.json","184.96","","2026-06-24T14:53:48.136Z"
"14","177","success","Defining the teeing area","6","Teeing area","output\006_002_Defining_the_teeing_area","output\006_002_Defining_the_teeing_area\illustration-v2.png","output\006_002_Defining_the_teeing_area\final-prompt-v2.txt","output\006_002_Defining_the_teeing_area\image-generation-v2.json","169.32","","2026-06-24T14:53:32.501Z"
"15","177","success","Moving the tee-markers","R6","Tee-markers","output\006_002_Moving_the_tee_markers","output\006_002_Moving_the_tee_markers\illustration-v2.png","output\006_002_Moving_the_tee_markers\final-prompt-v2.txt","output\006_002_Moving_the_tee_markers\image-generation-v2.json","171.47","","2026-06-24T14:53:34.658Z"
"16","177","success","Penalty for playing the wrong ball","6","Wrong ball","output\006_002_Penalty_for_playing_the_wrong_ball","output\006_002_Penalty_for_playing_the_wrong_ball\illustration-v2.png","output\006_002_Penalty_for_playing_the_wrong_ball\final-prompt-v2.txt","output\006_002_Penalty_for_playing_the_wrong_ball\image-generation-v2.json","184.88","","2026-06-24T14:53:48.068Z"
"17","177","success","What to do if you can't find your original ball after hitting a wrong ball","R6","Wrong ball","output\006_002_What_to_do_if_you_cant_find_your_original_ball_after_hitting_a_wrong_ball","output\006_002_What_to_do_if_you_cant_find_your_original_ball_after_hitting_a_wrong_ball\illustration-v2.png","output\006_002_What_to_do_if_you_cant_find_your_original_ball_after_hitting_a_wrong_ball\final-prompt-v2.txt","output\006_002_What_to_do_if_you_cant_find_your_original_ball_after_hitting_a_wrong_ball\image-generation-v2.json","244.81","","2026-06-24T14:57:23.575Z"
"18","177","success","Consequence of not correcting a wrong ball mistake","R6","Wrong ball","output\006_003_Consequence_of_not_correcting_a_wrong_ball_mistake","output\006_003_Consequence_of_not_correcting_a_wrong_ball_mistake\illustration-v2.png","output\006_003_Consequence_of_not_correcting_a_wrong_ball_mistake\final-prompt-v2.txt","output\006_003_Consequence_of_not_correcting_a_wrong_ball_mistake\image-generation-v2.json","172.97","","2026-06-24T14:56:25.471Z"
"19","177","success","Consequences if you hole out with a wrong ball","6","Wrong ball","output\006_003_Consequences_if_you_hole_out_with_a_wrong_ball","output\006_003_Consequences_if_you_hole_out_with_a_wrong_ball\illustration-v2.png","output\006_003_Consequences_if_you_hole_out_with_a_wrong_ball\final-prompt-v2.txt","output\006_003_Consequences_if_you_hole_out_with_a_wrong_ball\image-generation-v2.json","176.88","","2026-06-24T14:56:31.543Z"
"20","177","success","Penalty for playing from outside the teeing area","6","Playing from outside the teeing area","output\006_003_Penalty_for_playing_from_outside_the_teeing_area","output\006_003_Penalty_for_playing_from_outside_the_teeing_area\illustration-v2.png","output\006_003_Penalty_for_playing_from_outside_the_teeing_area\final-prompt-v2.txt","output\006_003_Penalty_for_playing_from_outside_the_teeing_area\image-generation-v2.json","177.43","","2026-06-24T14:56:45.502Z"
"21","177","success","Playing out of turn to save time","R6","Playing in the wrong order","output\006_003_Playing_out_of_turn_to_save_time","output\006_003_Playing_out_of_turn_to_save_time\illustration-v2.png","output\006_003_Playing_out_of_turn_to_save_time\final-prompt-v2.txt","output\006_003_Playing_out_of_turn_to_save_time\image-generation-v2.json","221.20","","2026-06-24T14:57:29.347Z"
"22","177","success","Who plays first on the green?","R6","Order of play","output\006_003_Who_plays_first_on_the_green","output\006_003_Who_plays_first_on_the_green\illustration-v2.png","output\006_003_Who_plays_first_on_the_green\final-prompt-v2.txt","output\006_003_Who_plays_first_on_the_green\image-generation-v2.json","177.03","","2026-06-24T14:56:45.751Z"
"23","177","success","Correcting a teeing area mistake","6","Playing from outside the teeing area","output\006_004_Correcting_a_teeing_area_mistake","output\006_004_Correcting_a_teeing_area_mistake\illustration-v2.png","output\006_004_Correcting_a_teeing_area_mistake\final-prompt-v2.txt","output\006_004_Correcting_a_teeing_area_mistake\image-generation-v2.json","170.97","","2026-06-24T14:59:16.441Z"
"24","177","success","Order of Play on the First Tee","R6","The honour/order of play","output\006_004_Order_of_Play_on_the_First_Tee","output\006_004_Order_of_Play_on_the_First_Tee\illustration-v2.png","output\006_004_Order_of_Play_on_the_First_Tee\final-prompt-v2.txt","output\006_004_Order_of_Play_on_the_First_Tee\image-generation-v2.json","182.76","","2026-06-24T14:59:34.302Z"
"25","177","success","Penalty for taking advantage with wrong order of play","R6","Playing in the wrong order","output\006_004_Penalty_for_taking_advantage_with_wrong_order_of_play","output\006_004_Penalty_for_taking_advantage_with_wrong_order_of_play\illustration-v2.png","output\006_004_Penalty_for_taking_advantage_with_wrong_order_of_play\final-prompt-v2.txt","output\006_004_Penalty_for_taking_advantage_with_wrong_order_of_play\image-generation-v2.json","179.22","","2026-06-24T14:59:44.728Z"
"26","177","success","What happens if your ball falls off the tee accidentally?","R6","Ball falls off the tee","output\006_004_What_happens_if_your_ball_falls_off_the_tee_accidentally","output\006_004_What_happens_if_your_ball_falls_off_the_tee_accidentally\illustration-v2.png","output\006_004_What_happens_if_your_ball_falls_off_the_tee_accidentally\final-prompt-v2.txt","output\006_004_What_happens_if_your_ball_falls_off_the_tee_accidentally\image-generation-v2.json","198.56","","2026-06-24T15:00:04.314Z"
"27","177","success","Does an air shot count as a stroke?","Def./R6","Air shot","output\006_005_Does_an_air_shot_count_as_a_stroke","output\006_005_Does_an_air_shot_count_as_a_stroke\illustration-v2.png","output\006_005_Does_an_air_shot_count_as_a_stroke\final-prompt-v2.txt","output\006_005_Does_an_air_shot_count_as_a_stroke\image-generation-v2.json","218.27","","2026-06-24T15:01:01.847Z"
"28","177","success","What to do if you can't tell if the ball is yours","R7","Identifying the ball","output\007_001_What_to_do_if_you_cant_tell_if_the_ball_is_yours","output\007_001_What_to_do_if_you_cant_tell_if_the_ball_is_yours\illustration-v2.png","output\007_001_What_to_do_if_you_cant_tell_if_the_ball_is_yours\final-prompt-v2.txt","output\007_001_What_to_do_if_you_cant_tell_if_the_ball_is_yours\image-generation-v2.json","201.55","","2026-06-24T15:00:50.903Z"
"29","177","success","What can you do if your ball sinks into the bunker?","R7","Ball disappeared in the sand","output\007_002_What_can_you_do_if_your_ball_sinks_into_the_bunker","output\007_002_What_can_you_do_if_your_ball_sinks_into_the_bunker\illustration-v2.png","output\007_002_What_can_you_do_if_your_ball_sinks_into_the_bunker\final-prompt-v2.txt","output\007_002_What_can_you_do_if_your_ball_sinks_into_the_bunker\image-generation-v2.json","189.18","","2026-06-24T15:02:25.622Z"
"30","177","success","What if you move your ball while searching?","R7","Ball moved during a search","output\007_003_What_if_you_move_your_ball_while_searching","output\007_003_What_if_you_move_your_ball_while_searching\illustration-v2.png","output\007_003_What_if_you_move_your_ball_while_searching\final-prompt-v2.txt","output\007_003_What_if_you_move_your_ball_while_searching\image-generation-v2.json","229.45","","2026-06-24T15:03:23.753Z"
"31","177","success","Playing from a divot, rut or bald patch","R8","Divots, tractor ruts, bald patches, etc.","output\008_003_Playing_from_a_divot_rut_or_bald_patch","output\008_003_Playing_from_a_divot_rut_or_bald_patch\illustration-v2.png","output\008_003_Playing_from_a_divot_rut_or_bald_patch\final-prompt-v2.txt","output\008_003_Playing_from_a_divot_rut_or_bald_patch\image-generation-v2.json","184.98","","2026-06-24T15:02:49.714Z"
"32","177","success","Ball moved while looking for it","R9","Ball at rest is moved","output\009_001_Ball_moved_while_looking_for_it","output\009_001_Ball_moved_while_looking_for_it\illustration-v2.png","output\009_001_Ball_moved_while_looking_for_it\final-prompt-v2.txt","output\009_001_Ball_moved_while_looking_for_it\image-generation-v2.json","234.36","","2026-06-24T15:03:58.676Z"
"33","177","success","What to do if your ball is moved by a dog","R9","Ball at rest moved by an outside influence","output\009_001_What_to_do_if_your_ball_is_moved_by_a_dog","output\009_001_What_to_do_if_your_ball_is_moved_by_a_dog\illustration-v2.png","output\009_001_What_to_do_if_your_ball_is_moved_by_a_dog\final-prompt-v2.txt","output\009_001_What_to_do_if_your_ball_is_moved_by_a_dog\image-generation-v2.json","183.48","","2026-06-24T15:03:54.390Z"
"34","177","success","Ball moved while preparing a stroke","R9","Ball at rest is moved","output\009_002_Ball_moved_while_preparing_a_stroke","output\009_002_Ball_moved_while_preparing_a_stroke\illustration-v2.png","output\009_002_Ball_moved_while_preparing_a_stroke\final-prompt-v2.txt","output\009_002_Ball_moved_while_preparing_a_stroke\image-generation-v2.json","182.51","","2026-06-24T15:04:04.362Z"
"35","177","success","Ball moved by an animal","R9","Ball at rest is moved","output\009_003_Ball_moved_by_an_animal","output\009_003_Ball_moved_by_an_animal\illustration-v2.png","output\009_003_Ball_moved_by_an_animal\final-prompt-v2.txt","output\009_003_Ball_moved_by_an_animal\image-generation-v2.json","199.53","","2026-06-24T15:05:45.160Z"
"36","177","success","Ball moved by the wind after a stroke","R9","Ball at rest is moved","output\009_004_Ball_moved_by_the_wind_after_a_stroke","output\009_004_Ball_moved_by_the_wind_after_a_stroke\illustration-v2.png","output\009_004_Ball_moved_by_the_wind_after_a_stroke\final-prompt-v2.txt","output\009_004_Ball_moved_by_the_wind_after_a_stroke\image-generation-v2.json","184.86","","2026-06-24T15:05:54.578Z"
"37","177","success","What happens if you move your ball on a practice swing?","R9","Ball moved when taking a practice swing","output\009_004_What_happens_if_you_move_your_ball_on_a_practice_swing","output\009_004_What_happens_if_you_move_your_ball_on_a_practice_swing\illustration-v2.png","output\009_004_What_happens_if_you_move_your_ball_on_a_practice_swing\final-prompt-v2.txt","output\009_004_What_happens_if_you_move_your_ball_on_a_practice_swing\image-generation-v2.json","178.22","","2026-06-24T15:06:21.982Z"
"38","177","success","Opponent moves your ball in match play","R9","Ball at rest is moved","output\009_005_Opponent_moves_your_ball_in_match_play","output\009_005_Opponent_moves_your_ball_in_match_play\illustration-v2.png","output\009_005_Opponent_moves_your_ball_in_match_play\final-prompt-v2.txt","output\009_005_Opponent_moves_your_ball_in_match_play\image-generation-v2.json","246.66","","2026-06-24T15:08:01.058Z"
"39","177","success","Penalty for moving the ball when grounding the club","R9","Ball moved when grounding the club","output\009_005_Penalty_for_moving_the_ball_when_grounding_the_club","output\009_005_Penalty_for_moving_the_ball_when_grounding_the_club\illustration-v2.png","output\009_005_Penalty_for_moving_the_ball_when_grounding_the_club\final-prompt-v2.txt","output\009_005_Penalty_for_moving_the_ball_when_grounding_the_club\image-generation-v2.json","180.12","","2026-06-24T15:06:58.796Z"
"40","177","success","What advice can you ask for on the course?","R10","Advice and line of play","output\010_001_What_advice_can_you_ask_for_on_the_course","output\010_001_What_advice_can_you_ask_for_on_the_course\illustration-v2.png","output\010_001_What_advice_can_you_ask_for_on_the_course\final-prompt-v2.txt","output\010_001_What_advice_can_you_ask_for_on_the_course\image-generation-v2.json","186.05","","2026-06-24T15:07:10.420Z"
"41","177","success","What advice can you ask for on the golf course?","R10","Advice and line of play","output\010_001_What_advice_can_you_ask_for_on_the_golf_course","output\010_001_What_advice_can_you_ask_for_on_the_golf_course\illustration-v2.png","output\010_001_What_advice_can_you_ask_for_on_the_golf_course\final-prompt-v2.txt","output\010_001_What_advice_can_you_ask_for_on_the_golf_course\image-generation-v2.json","194.23","","2026-06-24T15:08:59.391Z"
"42","177","success","When can you discuss distances on the course?","R10","Advice and line of play","output\010_001_When_can_you_discuss_distances_on_the_course","output\010_001_When_can_you_discuss_distances_on_the_course\illustration-v2.png","output\010_001_When_can_you_discuss_distances_on_the_course\final-prompt-v2.txt","output\010_001_When_can_you_discuss_distances_on_the_course\image-generation-v2.json","182.43","","2026-06-24T15:08:57.011Z"
"43","177","success","Allowed questions in golf","R10","Advice and line of play","output\010_002_Allowed_questions_in_golf","output\010_002_Allowed_questions_in_golf\illustration-v2.png","output\010_002_Allowed_questions_in_golf\final-prompt-v2.txt","output\010_002_Allowed_questions_in_golf\image-generation-v2.json","197.45","","2026-06-24T15:09:39.438Z"
"44","177","success","Giving advice before a shot","R10","Advice and line of play","output\010_002_Giving_advice_before_a_shot","output\010_002_Giving_advice_before_a_shot\illustration-v2.png","output\010_002_Giving_advice_before_a_shot\final-prompt-v2.txt","output\010_002_Giving_advice_before_a_shot\image-generation-v2.json","177.59","","2026-06-24T15:09:56.387Z"
"45","177","success","Penalty for giving or asking for advice","R10","Advice and line of play","output\010_002_Penalty_for_giving_or_asking_for_advice","output\010_002_Penalty_for_giving_or_asking_for_advice\illustration-v2.png","output\010_002_Penalty_for_giving_or_asking_for_advice\final-prompt-v2.txt","output\010_002_Penalty_for_giving_or_asking_for_advice\image-generation-v2.json","182.05","","2026-06-24T15:10:12.473Z"
"46","177","success","Umbrellas and outside help while putting","R10","Protection from the elements","output\010_003_Umbrellas_and_outside_help_while_putting","output\010_003_Umbrellas_and_outside_help_while_putting\illustration-v2.png","output\010_003_Umbrellas_and_outside_help_while_putting\final-prompt-v2.txt","output\010_003_Umbrellas_and_outside_help_while_putting\image-generation-v2.json","191.21","","2026-06-24T15:11:12.274Z"
"47","177","success","What happens if you accidentally hit the ball twice in one swing?","R10","Double hit","output\010_003_What_happens_if_you_accidentally_hit_the_ball_twice_in_one_swing","output\010_003_What_happens_if_you_accidentally_hit_the_ball_twice_in_one_swing\illustration-v2.png","output\010_003_What_happens_if_you_accidentally_hit_the_ball_twice_in_one_swing\final-prompt-v2.txt","output\010_003_What_happens_if_you_accidentally_hit_the_ball_twice_in_one_swing\image-generation-v2.json","191.61","","2026-06-24T15:12:08.623Z"
"48","177","success","What happens if you get advice without asking?","R10","Advice and line of play","output\010_003_What_happens_if_you_get_advice_without_asking","output\010_003_What_happens_if_you_get_advice_without_asking\illustration-v2.png","output\010_003_What_happens_if_you_get_advice_without_asking\final-prompt-v2.txt","output\010_003_What_happens_if_you_get_advice_without_asking\image-generation-v2.json","177.16","","2026-06-24T15:11:56.561Z"
"49","177","success","Advice about line of play on the green","10","Advice and line of play","output\010_004_Advice_about_line_of_play_on_the_green","output\010_004_Advice_about_line_of_play_on_the_green\illustration-v2.png","output\010_004_Advice_about_line_of_play_on_the_green\final-prompt-v2.txt","output\010_004_Advice_about_line_of_play_on_the_green\image-generation-v2.json","174.66","","2026-06-24T15:12:34.104Z"
"50","177","success","If you accidentally double-hit the ball","R10","Double hit","output\010_004_If_you_accidentally_double_hit_the_ball","output\010_004_If_you_accidentally_double_hit_the_ball\illustration-v2.png","output\010_004_If_you_accidentally_double_hit_the_ball\final-prompt-v2.txt","output\010_004_If_you_accidentally_double_hit_the_ball\image-generation-v2.json","194.85","","2026-06-24T15:13:11.240Z"
"51","177","success","Penalty for pushing or scraping a putt","R10","Careless putting","output\010_004_Penalty_for_pushing_or_scraping_a_putt","output\010_004_Penalty_for_pushing_or_scraping_a_putt\illustration-v2.png","output\010_004_Penalty_for_pushing_or_scraping_a_putt\final-prompt-v2.txt","output\010_004_Penalty_for_pushing_or_scraping_a_putt\image-generation-v2.json","187.60","","2026-06-24T15:13:20.083Z"
"52","177","success","What Happens If You Accidentally Double-Hit the Ball?","R10","Double hit","output\010_005_What_Happens_If_You_Accidentally_Double_Hit_the_Ball","output\010_005_What_Happens_If_You_Accidentally_Double_Hit_the_Ball\illustration-v2.png","output\010_005_What_Happens_If_You_Accidentally_Double_Hit_the_Ball\final-prompt-v2.txt","output\010_005_What_Happens_If_You_Accidentally_Double_Hit_the_Ball\image-generation-v2.json","278.75","","2026-06-24T15:15:51.023Z"
"53","177","success","Ball hits player's own equipment","R11","Ball in motion accidentally hits ...","output\011_001_Ball_hits_players_own_equipment","output\011_001_Ball_hits_players_own_equipment\illustration-v2.png","output\011_001_Ball_hits_players_own_equipment\final-prompt-v2.txt","output\011_001_Ball_hits_players_own_equipment\image-generation-v2.json","228.09","","2026-06-24T15:15:44.656Z"
"54","177","success","Where to drop a ball intentionally deflected by a person","11","Ball in motion intentionally deflected","output\011_001_Where_to_drop_a_ball_intentionally_deflected_by_a_person","output\011_001_Where_to_drop_a_ball_intentionally_deflected_by_a_person\illustration-v2.png","output\011_001_Where_to_drop_a_ball_intentionally_deflected_by_a_person\final-prompt-v2.txt","output\011_001_Where_to_drop_a_ball_intentionally_deflected_by_a_person\image-generation-v2.json","197.74","","2026-06-24T15:15:26.370Z"
"55","177","success","Ball strikes an outside influence","R11","Ball in motion accidentally hits ...","output\011_002_Ball_strikes_an_outside_influence","output\011_002_Ball_strikes_an_outside_influence\illustration-v2.png","output\011_002_Ball_strikes_an_outside_influence\final-prompt-v2.txt","output\011_002_Ball_strikes_an_outside_influence\image-generation-v2.json","203.31","","2026-06-24T15:15:57.414Z"
"56","177","success","Exception for balls intentionally deflected on the green","11","Ball in motion intentionally deflected","output\011_002_Exception_for_balls_intentionally_deflected_on_the_green","output\011_002_Exception_for_balls_intentionally_deflected_on_the_green\illustration-v2.png","output\011_002_Exception_for_balls_intentionally_deflected_on_the_green\final-prompt-v2.txt","output\011_002_Exception_for_balls_intentionally_deflected_on_the_green\image-generation-v2.json","174.57","","2026-06-24T15:16:05.813Z"
"57","177","success","Ball hits a ball-marker","R11","Ball deflected by marker","output\011_003_Ball_hits_a_ball_marker","output\011_003_Ball_hits_a_ball_marker\illustration-v2.png","output\011_003_Ball_hits_a_ball_marker\final-prompt-v2.txt","output\011_003_Ball_hits_a_ball_marker\image-generation-v2.json","185.79","","2026-06-24T15:16:25.873Z"
"58","177","success","Ball hits another ball at rest","R11","Ball in motion accidentally hits ...","output\011_003_Ball_hits_another_ball_at_rest","output\011_003_Ball_hits_another_ball_at_rest\illustration-v2.png","output\011_003_Ball_hits_another_ball_at_rest\final-prompt-v2.txt","output\011_003_Ball_hits_another_ball_at_rest\image-generation-v2.json","172.54","","2026-06-24T15:18:18.916Z"
"59","177","success","Penalty for intentionally deflecting a moving ball","11","Ball in motion intentionally deflected","output\011_003_Penalty_for_intentionally_deflecting_a_moving_ball","output\011_003_Penalty_for_intentionally_deflecting_a_moving_ball\illustration-v2.png","output\011_003_Penalty_for_intentionally_deflecting_a_moving_ball\final-prompt-v2.txt","output\011_003_Penalty_for_intentionally_deflecting_a_moving_ball\image-generation-v2.json","177.12","","2026-06-24T15:18:41.777Z"
"60","177","success","Ball Hits Another Player On The Green – What Now?","R11","Ball hits another player or an outside influence","output\011_004_Ball_Hits_Another_Player_On_The_Green_What_Now","output\011_004_Ball_Hits_Another_Player_On_The_Green_What_Now\illustration-v2.png","output\011_004_Ball_Hits_Another_Player_On_The_Green_What_Now\final-prompt-v2.txt","output\011_004_Ball_Hits_Another_Player_On_The_Green_What_Now\image-generation-v2.json","189.69","","2026-06-24T15:19:00.717Z"
"61","177","success","Ball striking another ball on the green","R11","Ball hits another ball","output\011_004_Ball_striking_another_ball_on_the_green","output\011_004_Ball_striking_another_ball_on_the_green\illustration-v2.png","output\011_004_Ball_striking_another_ball_on_the_green\final-prompt-v2.txt","output\011_004_Ball_striking_another_ball_on_the_green\image-generation-v2.json","168.24","","2026-06-24T15:18:45.656Z"
"62","177","success","Objects as ball stoppers","11","Ball in motion intentionally deflected","output\011_004_Objects_as_ball_stoppers","output\011_004_Objects_as_ball_stoppers\illustration-v2.png","output\011_004_Objects_as_ball_stoppers\final-prompt-v2.txt","output\011_004_Objects_as_ball_stoppers\image-generation-v2.json","177.46","","2026-06-24T15:19:03.280Z"
"63","177","success","Playing after your ball hits another person or animal","R11","Ball hits an outside influence or the player","output\011_004_Playing_after_your_ball_hits_another_person_or_animal","output\011_004_Playing_after_your_ball_hits_another_person_or_animal\illustration-v2.png","output\011_004_Playing_after_your_ball_hits_another_person_or_animal\final-prompt-v2.txt","output\011_004_Playing_after_your_ball_hits_another_person_or_animal\image-generation-v2.json","181.79","","2026-06-24T15:19:27.664Z"
"64","177","success","Ball accidentally hits opponent in match play","R11","Ball in motion accidentally hits ... the opponent in match play","output\011_005_Ball_accidentally_hits_opponent_in_match_play","output\011_005_Ball_accidentally_hits_opponent_in_match_play\illustration-v2.png","output\011_005_Ball_accidentally_hits_opponent_in_match_play\final-prompt-v2.txt","output\011_005_Ball_accidentally_hits_opponent_in_match_play\image-generation-v2.json","173.08","","2026-06-24T15:21:11.997Z"
"65","177","success","Deliberately stopping your ball with equipment","R11","Ball hits an outside influence or the player","output\011_005_Deliberately_stopping_your_ball_with_equipment","output\011_005_Deliberately_stopping_your_ball_with_equipment\illustration-v2.png","output\011_005_Deliberately_stopping_your_ball_with_equipment\final-prompt-v2.txt","output\011_005_Deliberately_stopping_your_ball_with_equipment\image-generation-v2.json","179.04","","2026-06-24T15:21:40.825Z"
"66","177","success","Playing a Ball from a Bad Lie","R12","Old footprints, buried lie, etc.","output\012_001_Playing_a_Ball_from_a_Bad_Lie","output\012_001_Playing_a_Ball_from_a_Bad_Lie\illustration-v2.png","output\012_001_Playing_a_Ball_from_a_Bad_Lie\final-prompt-v2.txt","output\012_001_Playing_a_Ball_from_a_Bad_Lie\image-generation-v2.json","181.98","","2026-06-24T15:21:47.638Z"
"67","177","success","When is a ball 'in the bunker'?","R12","Bunker","output\012_001_When_is_a_ball_in_the_bunker","output\012_001_When_is_a_ball_in_the_bunker\illustration-v2.png","output\012_001_When_is_a_ball_in_the_bunker\final-prompt-v2.txt","output\012_001_When_is_a_ball_in_the_bunker\image-generation-v2.json","194.48","","2026-06-24T15:22:15.202Z"
"68","177","success","Raking Between Bunker Shots","R12","Ball stays in bunker","output\012_003_Raking_Between_Bunker_Shots","output\012_003_Raking_Between_Bunker_Shots\illustration-v2.png","output\012_003_Raking_Between_Bunker_Shots\final-prompt-v2.txt","output\012_003_Raking_Between_Bunker_Shots\image-generation-v2.json","180.92","","2026-06-24T15:22:04.208Z"
"69","177","success","What is not allowed before your bunker shot?","R12","Do not touch or test the sand","output\012_004_What_is_not_allowed_before_your_bunker_shot","output\012_004_What_is_not_allowed_before_your_bunker_shot\illustration-v2.png","output\012_004_What_is_not_allowed_before_your_bunker_shot\final-prompt-v2.txt","output\012_004_What_is_not_allowed_before_your_bunker_shot\image-generation-v2.json","176.58","","2026-06-24T15:22:24.245Z"
"70","177","success","Is the fringe part of the green?","R13","Green and fringe","output\013_001_Is_the_fringe_part_of_the_green","output\013_001_Is_the_fringe_part_of_the_green\illustration-v2.png","output\013_001_Is_the_fringe_part_of_the_green\final-prompt-v2.txt","output\013_001_Is_the_fringe_part_of_the_green\image-generation-v2.json","208.29","","2026-06-24T15:24:40.297Z"
"71","177","success","Penalty differences in stroke play and match play","R1/3","Stroke play and match play","output\013_001_Penalty_differences_in_stroke_play_and_match_play","output\013_001_Penalty_differences_in_stroke_play_and_match_play\illustration-v2.png","output\013_001_Penalty_differences_in_stroke_play_and_match_play\final-prompt-v2.txt","output\013_001_Penalty_differences_in_stroke_play_and_match_play\image-generation-v2.json","188.22","","2026-06-24T15:24:49.050Z"
"72","177","success","Testing the Green","R13","Putting Green","output\013_001_Testing_the_Green","output\013_001_Testing_the_Green\illustration-v2.png","output\013_001_Testing_the_Green\final-prompt-v2.txt","output\013_001_Testing_the_Green\image-generation-v2.json","192.98","","2026-06-24T15:25:00.626Z"
"73","177","success","What happens if you accidentally move your ball on the green?","13","Ball accidentally moved","output\013_001_What_happens_if_you_accidentally_move_your_ball_on_the_green","output\013_001_What_happens_if_you_accidentally_move_your_ball_on_the_green\illustration-v2.png","output\013_001_What_happens_if_you_accidentally_move_your_ball_on_the_green\final-prompt-v2.txt","output\013_001_What_happens_if_you_accidentally_move_your_ball_on_the_green\image-generation-v2.json","181.74","","2026-06-24T15:25:05.950Z"
"74","177","success","Ball lands on the wrong green","R13","Wrong green","output\013_002_Ball_lands_on_the_wrong_green","output\013_002_Ball_lands_on_the_wrong_green\illustration-v2.png","output\013_002_Ball_lands_on_the_wrong_green\final-prompt-v2.txt","output\013_002_Ball_lands_on_the_wrong_green\image-generation-v2.json","185.69","","2026-06-24T15:25:20.893Z"
"75","177","success","Ball wedged against the flagstick","R13","Ball wedged on the flagstick","output\013_002_Ball_wedged_against_the_flagstick","output\013_002_Ball_wedged_against_the_flagstick\illustration-v2.png","output\013_002_Ball_wedged_against_the_flagstick\final-prompt-v2.txt","output\013_002_Ball_wedged_against_the_flagstick\image-generation-v2.json","180.28","","2026-06-24T15:25:24.524Z"
"76","177","success","Repairing Damage on the Green","R13","Putting Green","output\013_002_Repairing_Damage_on_the_Green","output\013_002_Repairing_Damage_on_the_Green\illustration-v2.png","output\013_002_Repairing_Damage_on_the_Green\final-prompt-v2.txt","output\013_002_Repairing_Damage_on_the_Green\image-generation-v2.json","175.48","","2026-06-24T15:27:35.785Z"
"77","177","success","What should you do if your ball lands on the wrong green?","R13","Wrong green","output\013_002_What_should_you_do_if_your_ball_lands_on_the_wrong_green","output\013_002_What_should_you_do_if_your_ball_lands_on_the_wrong_green\illustration-v2.png","output\013_002_What_should_you_do_if_your_ball_lands_on_the_wrong_green\final-prompt-v2.txt","output\013_002_What_should_you_do_if_your_ball_lands_on_the_wrong_green\image-generation-v2.json","192.22","","2026-06-24T15:28:01.271Z"
"78","177","success","If you accidentally move your ball or marker when marking","R13","Ball moved when marking it","output\013_003_If_you_accidentally_move_your_ball_or_marker_when_marking","output\013_003_If_you_accidentally_move_your_ball_or_marker_when_marking\illustration-v2.png","output\013_003_If_you_accidentally_move_your_ball_or_marker_when_marking\final-prompt-v2.txt","output\013_003_If_you_accidentally_move_your_ball_or_marker_when_marking\image-generation-v2.json","173.31","","2026-06-24T15:27:53.938Z"
"79","177","success","Waiting time for a ball on the edge of the hole","R13","Ball on the edge of the hole","output\013_003_Waiting_time_for_a_ball_on_the_edge_of_the_hole","output\013_003_Waiting_time_for_a_ball_on_the_edge_of_the_hole\illustration-v2.png","output\013_003_Waiting_time_for_a_ball_on_the_edge_of_the_hole\final-prompt-v2.txt","output\013_003_Waiting_time_for_a_ball_on_the_edge_of_the_hole\image-generation-v2.json","184.38","","2026-06-24T15:28:10.332Z"
"80","177","success","What To Do With An Embedded Ball","R13","Putting Green","output\013_003_What_To_Do_With_An_Embedded_Ball","output\013_003_What_To_Do_With_An_Embedded_Ball\illustration-v2.png","output\013_003_What_To_Do_With_An_Embedded_Ball\final-prompt-v2.txt","output\013_003_What_To_Do_With_An_Embedded_Ball\image-generation-v2.json","191.41","","2026-06-24T15:28:32.311Z"
"81","177","success","What happens if the ball rolls away after being replaced?","R13","Ball moves after being put back","output\013_004_What_happens_if_the_ball_rolls_away_after_being_replaced","output\013_004_What_happens_if_the_ball_rolls_away_after_being_replaced\illustration-v2.png","output\013_004_What_happens_if_the_ball_rolls_away_after_being_replaced\final-prompt-v2.txt","output\013_004_What_happens_if_the_ball_rolls_away_after_being_replaced\image-generation-v2.json","181.76","","2026-06-24T15:28:26.289Z"
"82","177","success","Your ball hits the flagstick in the hole","R13","Ball in motion accidentally hits ... the flagstick","output\013_004_Your_ball_hits_the_flagstick_in_the_hole","output\013_004_Your_ball_hits_the_flagstick_in_the_hole\illustration-v2.png","output\013_004_Your_ball_hits_the_flagstick_in_the_hole\final-prompt-v2.txt","output\013_004_Your_ball_hits_the_flagstick_in_the_hole\image-generation-v2.json","192.53","","2026-06-24T15:30:48.323Z"
"83","177","success","Penalty for Playing from the Wrong Spot After a Drop","R14","Incorrect drop","output\014_001_Penalty_for_Playing_from_the_Wrong_Spot_After_a_Drop","output\014_001_Penalty_for_Playing_from_the_Wrong_Spot_After_a_Drop\illustration-v2.png","output\014_001_Penalty_for_Playing_from_the_Wrong_Spot_After_a_Drop\final-prompt-v2.txt","output\014_001_Penalty_for_Playing_from_the_Wrong_Spot_After_a_Drop\image-generation-v2.json","181.67","","2026-06-24T15:30:55.611Z"
"84","177","success","What is a club-length?","14","Dropping and re-dropping","output\014_001_What_is_a_club_length","output\014_001_What_is_a_club_length\illustration-v2.png","output\014_001_What_is_a_club_length\final-prompt-v2.txt","output\014_001_What_is_a_club_length\image-generation-v2.json","180.76","","2026-06-24T15:31:02.030Z"
"85","177","success","Who can put the ball back?","R14","Ball marked by another person","output\014_001_Who_can_put_the_ball_back","output\014_001_Who_can_put_the_ball_back\illustration-v2.png","output\014_001_Who_can_put_the_ball_back\final-prompt-v2.txt","output\014_001_Who_can_put_the_ball_back\image-generation-v2.json","196.30","","2026-06-24T15:31:26.637Z"
"86","177","success","Correct way to drop a ball","14","Dropping and re-dropping","output\014_002_Correct_way_to_drop_a_ball","output\014_002_Correct_way_to_drop_a_ball\illustration-v2.png","output\014_002_Correct_way_to_drop_a_ball\final-prompt-v2.txt","output\014_002_Correct_way_to_drop_a_ball\image-generation-v2.json","197.70","","2026-06-24T15:31:43.991Z"
"87","177","success","Penalty for Dropping Incorrectly but Playing from the Right Spot","R14","Incorrect drop","output\014_002_Penalty_for_Dropping_Incorrectly_but_Playing_from_the_Right_Spot","output\014_002_Penalty_for_Dropping_Incorrectly_but_Playing_from_the_Right_Spot\illustration-v2.png","output\014_002_Penalty_for_Dropping_Incorrectly_but_Playing_from_the_Right_Spot\final-prompt-v2.txt","output\014_002_Penalty_for_Dropping_Incorrectly_but_Playing_from_the_Right_Spot\image-generation-v2.json","194.76","","2026-06-24T15:31:47.072Z"
"88","177","success","Penalty for Placing Instead of Dropping","R14","Incorrect drop","output\014_003_Penalty_for_Placing_Instead_of_Dropping","output\014_003_Penalty_for_Placing_Instead_of_Dropping\illustration-v2.png","output\014_003_Penalty_for_Placing_Instead_of_Dropping\final-prompt-v2.txt","output\014_003_Penalty_for_Placing_Instead_of_Dropping\image-generation-v2.json","207.75","","2026-06-24T15:34:16.074Z"
"89","177","success","When must a ball be dropped again?","14","Dropping and re-dropping","output\014_003_When_must_a_ball_be_dropped_again","output\014_003_When_must_a_ball_be_dropped_again\illustration-v2.png","output\014_003_When_must_a_ball_be_dropped_again\final-prompt-v2.txt","output\014_003_When_must_a_ball_be_dropped_again\image-generation-v2.json","190.26","","2026-06-24T15:34:05.875Z"
"90","177","success","What happens if the dropped ball rolls out of the relief area?","14","Dropping and re-dropping","output\014_004_What_happens_if_the_dropped_ball_rolls_out_of_the_relief_area","output\014_004_What_happens_if_the_dropped_ball_rolls_out_of_the_relief_area\illustration-v2.png","output\014_004_What_happens_if_the_dropped_ball_rolls_out_of_the_relief_area\final-prompt-v2.txt","output\014_004_What_happens_if_the_dropped_ball_rolls_out_of_the_relief_area\image-generation-v2.json","195.07","","2026-06-24T15:34:17.103Z"
"91","177","success","What do you do if the ball won't stay in the relief area?","14","Dropping and re-dropping","output\014_005_What_do_you_do_if_the_ball_wont_stay_in_the_relief_area","output\014_005_What_do_you_do_if_the_ball_wont_stay_in_the_relief_area\illustration-v2.png","output\014_005_What_do_you_do_if_the_ball_wont_stay_in_the_relief_area\final-prompt-v2.txt","output\014_005_What_do_you_do_if_the_ball_wont_stay_in_the_relief_area\image-generation-v2.json","181.27","","2026-06-24T15:34:27.913Z"
"92","177","success","Marking to the side to avoid another player's line","R15","Marking to the side","output\015_002_Marking_to_the_side_to_avoid_another_players_line","output\015_002_Marking_to_the_side_to_avoid_another_players_line\illustration-v2.png","output\015_002_Marking_to_the_side_to_avoid_another_players_line\final-prompt-v2.txt","output\015_002_Marking_to_the_side_to_avoid_another_players_line\image-generation-v2.json","184.12","","2026-06-24T15:34:48.115Z"
"93","177","success","Moving loose impediments","R15","Loose impediments","output\015_002_Moving_loose_impediments","output\015_002_Moving_loose_impediments\illustration-v2.png","output\015_002_Moving_loose_impediments\final-prompt-v2.txt","output\015_002_Moving_loose_impediments\image-generation-v2.json","186.47","","2026-06-24T15:34:53.546Z"
"94","177","success","Handling loose impediments","R15","Loose impediments","output\015_003_Handling_loose_impediments","output\015_003_Handling_loose_impediments\illustration-v2.png","output\015_003_Handling_loose_impediments\final-prompt-v2.txt","output\015_003_Handling_loose_impediments\image-generation-v2.json","194.68","","2026-06-24T15:37:20.554Z"
"95","177","success","Moving loose impediments around your ball","Def./R15","Loose impediments","output\015_003_Moving_loose_impediments_around_your_ball","output\015_003_Moving_loose_impediments_around_your_ball\illustration-v2.png","output\015_003_Moving_loose_impediments_around_your_ball\final-prompt-v2.txt","output\015_003_Moving_loose_impediments_around_your_ball\image-generation-v2.json","224.32","","2026-06-24T15:38:00.394Z"
"96","177","success","Removing artificial objects","R15","Movable obstructions","output\015_003_Removing_artificial_objects","output\015_003_Removing_artificial_objects\illustration-v2.png","output\015_003_Removing_artificial_objects\final-prompt-v2.txt","output\015_003_Removing_artificial_objects\image-generation-v2.json","179.28","","2026-06-24T15:37:16.390Z"
"97","177","success","Dealing with movable obstructions on the course","R15","Movable obstructions","output\015_004_Dealing_with_movable_obstructions_on_the_course","output\015_004_Dealing_with_movable_obstructions_on_the_course\illustration-v2.png","output\015_004_Dealing_with_movable_obstructions_on_the_course\final-prompt-v2.txt","output\015_004_Dealing_with_movable_obstructions_on_the_course\image-generation-v2.json","216.45","","2026-06-24T15:38:04.368Z"
"98","177","success","Moving artificial objects","R15","Movable obstructions","output\015_004_Moving_artificial_objects","output\015_004_Moving_artificial_objects\illustration-v2.png","output\015_004_Moving_artificial_objects\final-prompt-v2.txt","output\015_004_Moving_artificial_objects\image-generation-v2.json","227.54","","2026-06-24T15:38:35.661Z"
"99","177","success","Removing Loose Impediments on the Green","R15","Loose Impediments","output\015_004_Removing_Loose_Impediments_on_the_Green","output\015_004_Removing_Loose_Impediments_on_the_Green\illustration-v2.png","output\015_004_Removing_Loose_Impediments_on_the_Green\final-prompt-v2.txt","output\015_004_Removing_Loose_Impediments_on_the_Green\image-generation-v2.json","169.09","","2026-06-24T15:37:42.635Z"
"100","177","success","Dealing with Movable Obstructions","R15","Movable Obstructions","output\015_005_Dealing_with_Movable_Obstructions","output\015_005_Dealing_with_Movable_Obstructions\illustration-v2.png","output\015_005_Dealing_with_Movable_Obstructions\final-prompt-v2.txt","output\015_005_Dealing_with_Movable_Obstructions\image-generation-v2.json","173.40","","2026-06-24T15:40:09.791Z"
"101","177","success","Free relief for lost ball in abnormal course conditions","R16","Ball lost in abnormal course conditions","output\016_001_Free_relief_for_lost_ball_in_abnormal_course_conditions","output\016_001_Free_relief_for_lost_ball_in_abnormal_course_conditions\illustration-v2.png","output\016_001_Free_relief_for_lost_ball_in_abnormal_course_conditions\final-prompt-v2.txt","output\016_001_Free_relief_for_lost_ball_in_abnormal_course_conditions\image-generation-v2.json","204.95","","2026-06-24T15:40:45.511Z"
"102","177","success","Identifying Immovable Obstructions","16","Abnormal course conditions","output\016_001_Identifying_Immovable_Obstructions","output\016_001_Identifying_Immovable_Obstructions\illustration-v2.png","output\016_001_Identifying_Immovable_Obstructions\final-prompt-v2.txt","output\016_001_Identifying_Immovable_Obstructions\image-generation-v2.json","186.30","","2026-06-24T15:40:48.939Z"
"103","177","success","Relief from wrong hole on a double green","R16","Double green","output\016_001_Relief_from_wrong_hole_on_a_double_green","output\016_001_Relief_from_wrong_hole_on_a_double_green\illustration-v2.png","output\016_001_Relief_from_wrong_hole_on_a_double_green\final-prompt-v2.txt","output\016_001_Relief_from_wrong_hole_on_a_double_green\image-generation-v2.json","165.84","","2026-06-24T15:40:46.241Z"
"104","177","success","Taking relief from a puddle or abnormal course condition","R16","Puddles and other abnormal course conditions","output\016_001_Taking_relief_from_a_puddle_or_abnormal_course_condition","output\016_001_Taking_relief_from_a_puddle_or_abnormal_course_condition\illustration-v2.png","output\016_001_Taking_relief_from_a_puddle_or_abnormal_course_condition\final-prompt-v2.txt","output\016_001_Taking_relief_from_a_puddle_or_abnormal_course_condition\image-generation-v2.json","172.28","","2026-06-24T15:40:56.655Z"
"105","177","success","Taking relief from abnormal course conditions in a bunker","R16","Abnormal course conditions","output\016_001_Taking_relief_from_abnormal_course_conditions_in_a_bunker","output\016_001_Taking_relief_from_abnormal_course_conditions_in_a_bunker\illustration-v2.png","output\016_001_Taking_relief_from_abnormal_course_conditions_in_a_bunker\final-prompt-v2.txt","output\016_001_Taking_relief_from_abnormal_course_conditions_in_a_bunker\image-generation-v2.json","191.32","","2026-06-24T15:41:46.983Z"
"106","177","success","Dropping outside a bunker due to abnormal conditions","R16","Abnormal course conditions","output\016_002_Dropping_outside_a_bunker_due_to_abnormal_conditions","output\016_002_Dropping_outside_a_bunker_due_to_abnormal_conditions\illustration-v2.png","output\016_002_Dropping_outside_a_bunker_due_to_abnormal_conditions\final-prompt-v2.txt","output\016_002_Dropping_outside_a_bunker_due_to_abnormal_conditions\image-generation-v2.json","188.34","","2026-06-24T15:43:18.133Z"
"107","177","success","Free Relief from Temporary Water","16","Abnormal course conditions","output\016_002_Free_Relief_from_Temporary_Water","output\016_002_Free_Relief_from_Temporary_Water\illustration-v2.png","output\016_002_Free_Relief_from_Temporary_Water\final-prompt-v2.txt","output\016_002_Free_Relief_from_Temporary_Water\image-generation-v2.json","179.96","","2026-06-24T15:43:45.474Z"
"108","177","success","Interference from a sprinkler near the green","R16","Sprinklers","output\016_002_Interference_from_a_sprinkler_near_the_green","output\016_002_Interference_from_a_sprinkler_near_the_green\illustration-v2.png","output\016_002_Interference_from_a_sprinkler_near_the_green\final-prompt-v2.txt","output\016_002_Interference_from_a_sprinkler_near_the_green\image-generation-v2.json","173.77","","2026-06-24T15:43:40.014Z"
"109","177","success","Taking relief for an embedded ball","16","Embedded ball","output\016_002_Taking_relief_for_an_embedded_ball","output\016_002_Taking_relief_for_an_embedded_ball\illustration-v2.png","output\016_002_Taking_relief_for_an_embedded_ball\final-prompt-v2.txt","output\016_002_Taking_relief_for_an_embedded_ball\image-generation-v2.json","176.45","","2026-06-24T15:43:45.397Z"
"110","177","success","Animal holes and relief","R16","Abnormal course conditions","output\016_003_Animal_holes_and_relief","output\016_003_Animal_holes_and_relief\illustration-v2.png","output\016_003_Animal_holes_and_relief\final-prompt-v2.txt","output\016_003_Animal_holes_and_relief\image-generation-v2.json","182.24","","2026-06-24T15:43:58.895Z"
"111","177","success","Free drop near a dangerous animal","R16","Dangerous situation","output\016_003_Free_drop_near_a_dangerous_animal","output\016_003_Free_drop_near_a_dangerous_animal\illustration-v2.png","output\016_003_Free_drop_near_a_dangerous_animal\final-prompt-v2.txt","output\016_003_Free_drop_near_a_dangerous_animal\image-generation-v2.json","284.06","","2026-06-24T15:46:31.044Z"
"112","177","success","Recognising Ground Under Repair","16","Abnormal course conditions","output\016_003_Recognising_Ground_Under_Repair","output\016_003_Recognising_Ground_Under_Repair\illustration-v2.png","output\016_003_Recognising_Ground_Under_Repair\final-prompt-v2.txt","output\016_003_Recognising_Ground_Under_Repair\image-generation-v2.json","233.66","","2026-06-24T15:47:11.797Z"
"113","177","success","Dealing with an embedded ball in a penalty area","R16","Embedded ball","output\016_004_Dealing_with_an_embedded_ball_in_a_penalty_area","output\016_004_Dealing_with_an_embedded_ball_in_a_penalty_area\illustration-v2.png","output\016_004_Dealing_with_an_embedded_ball_in_a_penalty_area\final-prompt-v2.txt","output\016_004_Dealing_with_an_embedded_ball_in_a_penalty_area\image-generation-v2.json","198.88","","2026-06-24T15:46:58.901Z"
"114","177","success","If the bunker is completely flooded","R16","Abnormal course conditions","output\016_004_If_the_bunker_is_completely_flooded","output\016_004_If_the_bunker_is_completely_flooded\illustration-v2.png","output\016_004_If_the_bunker_is_completely_flooded\final-prompt-v2.txt","output\016_004_If_the_bunker_is_completely_flooded\image-generation-v2.json","187.04","","2026-06-24T15:46:52.448Z"
"115","177","success","Taking relief from obstructions in a penalty area","R16","Abnormal course conditions","output\016_004_Taking_relief_from_obstructions_in_a_penalty_area","output\016_004_Taking_relief_from_obstructions_in_a_penalty_area\illustration-v2.png","output\016_004_Taking_relief_from_obstructions_in_a_penalty_area\final-prompt-v2.txt","output\016_004_Taking_relief_from_obstructions_in_a_penalty_area\image-generation-v2.json","198.73","","2026-06-24T15:47:04.212Z"
"116","177","success","What Kind of Animal Holes Give Free Relief?","16","Abnormal course conditions","output\016_004_What_Kind_of_Animal_Holes_Give_Free_Relief","output\016_004_What_Kind_of_Animal_Holes_Give_Free_Relief\illustration-v2.png","output\016_004_What_Kind_of_Animal_Holes_Give_Free_Relief\final-prompt-v2.txt","output\016_004_What_Kind_of_Animal_Holes_Give_Free_Relief\image-generation-v2.json","187.09","","2026-06-24T15:47:05.994Z"
"117","177","success","When Is Free Relief Allowed for Abnormal Course Conditions?","16","Abnormal course conditions","output\016_005_When_Is_Free_Relief_Allowed_for_Abnormal_Course_Conditions","output\016_005_When_Is_Free_Relief_Allowed_for_Abnormal_Course_Conditions\illustration-v2.png","output\016_005_When_Is_Free_Relief_Allowed_for_Abnormal_Course_Conditions\final-prompt-v2.txt","output\016_005_When_Is_Free_Relief_Allowed_for_Abnormal_Course_Conditions\image-generation-v2.json","185.45","","2026-06-24T15:49:36.497Z"
"118","177","success","Choosing the Correct Relief Point","17","Taking Relief from Abnormal Course Conditions","output\017_001_Choosing_the_Correct_Relief_Point","output\017_001_Choosing_the_Correct_Relief_Point\illustration-v2.png","output\017_001_Choosing_the_Correct_Relief_Point\final-prompt-v2.txt","output\017_001_Choosing_the_Correct_Relief_Point\image-generation-v2.json","194.16","","2026-06-24T15:50:06.613Z"
"119","177","success","Options After Hitting Into a Red Penalty Area","17","Penalty Areas","output\017_001_Options_After_Hitting_Into_a_Red_Penalty_Area","output\017_001_Options_After_Hitting_Into_a_Red_Penalty_Area\illustration-v2.png","output\017_001_Options_After_Hitting_Into_a_Red_Penalty_Area\final-prompt-v2.txt","output\017_001_Options_After_Hitting_Into_a_Red_Penalty_Area\image-generation-v2.json","202.78","","2026-06-24T15:50:21.683Z"
"120","177","success","Where does the penalty area begin?","R17","In a penalty area","output\017_001_Where_does_the_penalty_area_begin","output\017_001_Where_does_the_penalty_area_begin\illustration-v2.png","output\017_001_Where_does_the_penalty_area_begin\final-prompt-v2.txt","output\017_001_Where_does_the_penalty_area_begin\image-generation-v2.json","201.37","","2026-06-24T15:50:25.585Z"
"121","177","success","Where to drop after yellow penalty area","17","Penalty area rule","output\017_001_Where_to_drop_after_yellow_penalty_area","output\017_001_Where_to_drop_after_yellow_penalty_area\illustration-v2.png","output\017_001_Where_to_drop_after_yellow_penalty_area\final-prompt-v2.txt","output\017_001_Where_to_drop_after_yellow_penalty_area\image-generation-v2.json","196.47","","2026-06-24T15:50:22.464Z"
"122","177","success","Relief Location Choices","17","Taking Relief from Abnormal Course Conditions","output\017_002_Relief_Location_Choices","output\017_002_Relief_Location_Choices\illustration-v2.png","output\017_002_Relief_Location_Choices\final-prompt-v2.txt","output\017_002_Relief_Location_Choices\image-generation-v2.json","185.85","","2026-06-24T15:50:17.650Z"
"123","177","success","Returning to previous spot after water hazard","17","Penalty area rule","output\017_002_Returning_to_previous_spot_after_water_hazard","output\017_002_Returning_to_previous_spot_after_water_hazard\illustration-v2.png","output\017_002_Returning_to_previous_spot_after_water_hazard\final-prompt-v2.txt","output\017_002_Returning_to_previous_spot_after_water_hazard\image-generation-v2.json","186.30","","2026-06-24T15:52:42.806Z"
"124","177","success","What happens if you hit your ball into the water again from a penalty area?","R17","Penalty area – Ball lost or not out","output\017_002_What_happens_if_you_hit_your_ball_into_the_water_again_from_a_penalty_area","output\017_002_What_happens_if_you_hit_your_ball_into_the_water_again_from_a_penalty_area\illustration-v2.png","output\017_002_What_happens_if_you_hit_your_ball_into_the_water_again_from_a_penalty_area\final-prompt-v2.txt","output\017_002_What_happens_if_you_hit_your_ball_into_the_water_again_from_a_penalty_area\image-generation-v2.json","185.14","","2026-06-24T15:53:11.754Z"
"125","177","success","What Should You Do After Losing a Ball in a Red Penalty Area?","17","Penalty Areas","output\017_002_What_Should_You_Do_After_Losing_a_Ball_in_a_Red_Penalty_Area","output\017_002_What_Should_You_Do_After_Losing_a_Ball_in_a_Red_Penalty_Area\illustration-v2.png","output\017_002_What_Should_You_Do_After_Losing_a_Ball_in_a_Red_Penalty_Area\final-prompt-v2.txt","output\017_002_What_Should_You_Do_After_Losing_a_Ball_in_a_Red_Penalty_Area\image-generation-v2.json","188.84","","2026-06-24T15:53:26.499Z"
"126","177","success","Ball from penalty area goes out of bounds","R17","Penalty area – Ball out of bounds or lost","output\017_003_Ball_from_penalty_area_goes_out_of_bounds","output\017_003_Ball_from_penalty_area_goes_out_of_bounds\illustration-v2.png","output\017_003_Ball_from_penalty_area_goes_out_of_bounds\final-prompt-v2.txt","output\017_003_Ball_from_penalty_area_goes_out_of_bounds\image-generation-v2.json","207.67","","2026-06-24T15:53:49.354Z"
"127","177","success","Knowing When Local Rules Offer Extra Options","17","Penalty Areas","output\017_003_Knowing_When_Local_Rules_Offer_Extra_Options","output\017_003_Knowing_When_Local_Rules_Offer_Extra_Options\illustration-v2.png","output\017_003_Knowing_When_Local_Rules_Offer_Extra_Options\final-prompt-v2.txt","output\017_003_Knowing_When_Local_Rules_Offer_Extra_Options\image-generation-v2.json","205.74","","2026-06-24T15:53:48.208Z"
"128","177","success","Options for playing from a penalty area","R17","In a penalty area","output\017_003_Options_for_playing_from_a_penalty_area","output\017_003_Options_for_playing_from_a_penalty_area\illustration-v2.png","output\017_003_Options_for_playing_from_a_penalty_area\final-prompt-v2.txt","output\017_003_Options_for_playing_from_a_penalty_area\image-generation-v2.json","194.20","","2026-06-24T15:53:39.786Z"
"129","177","success","Options when your ball is in a yellow penalty area","17","Penalty area rule","output\017_003_Options_when_your_ball_is_in_a_yellow_penalty_area","output\017_003_Options_when_your_ball_is_in_a_yellow_penalty_area\illustration-v2.png","output\017_003_Options_when_your_ball_is_in_a_yellow_penalty_area\final-prompt-v2.txt","output\017_003_Options_when_your_ball_is_in_a_yellow_penalty_area\image-generation-v2.json","199.79","","2026-06-24T15:56:02.605Z"
"130","177","success","What if the nearest point is in a bad lie?","17","Taking Relief from Abnormal Course Conditions","output\017_003_What_if_the_nearest_point_is_in_a_bad_lie","output\017_003_What_if_the_nearest_point_is_in_a_bad_lie\illustration-v2.png","output\017_003_What_if_the_nearest_point_is_in_a_bad_lie\final-prompt-v2.txt","output\017_003_What_if_the_nearest_point_is_in_a_bad_lie\image-generation-v2.json","226.15","","2026-06-24T15:56:57.911Z"
"131","177","success","No Play Zones in Relief Situations","17","Taking Relief from Abnormal Course Conditions","output\017_004_No_Play_Zones_in_Relief_Situations","output\017_004_No_Play_Zones_in_Relief_Situations\illustration-v2.png","output\017_004_No_Play_Zones_in_Relief_Situations\final-prompt-v2.txt","output\017_004_No_Play_Zones_in_Relief_Situations\image-generation-v2.json","209.29","","2026-06-24T15:56:55.791Z"
"132","177","success","Playing a second ball without announcing it as provisional","R18","Provisional Balls","output\018_001_Playing_a_second_ball_without_announcing_it_as_provisional","output\018_001_Playing_a_second_ball_without_announcing_it_as_provisional\illustration-v2.png","output\018_001_Playing_a_second_ball_without_announcing_it_as_provisional\final-prompt-v2.txt","output\018_001_Playing_a_second_ball_without_announcing_it_as_provisional\image-generation-v2.json","194.92","","2026-06-24T15:56:54.713Z"
"133","177","success","What happens if you find your original ball on the course?","R18","Provisional Ball","output\018_001_What_happens_if_you_find_your_original_ball_on_the_course","output\018_001_What_happens_if_you_find_your_original_ball_on_the_course\illustration-v2.png","output\018_001_What_happens_if_you_find_your_original_ball_on_the_course\final-prompt-v2.txt","output\018_001_What_happens_if_you_find_your_original_ball_on_the_course\image-generation-v2.json","193.40","","2026-06-24T15:57:01.612Z"
"134","177","success","When is a ball out of bounds?","R18","Out of bounds and provisional ball","output\018_001_When_is_a_ball_out_of_bounds","output\018_001_When_is_a_ball_out_of_bounds\illustration-v2.png","output\018_001_When_is_a_ball_out_of_bounds\final-prompt-v2.txt","output\018_001_When_is_a_ball_out_of_bounds\image-generation-v2.json","234.54","","2026-06-24T15:57:43.905Z"
"135","177","success","What counts as a lost ball?","R18","Lost ball","output\018_002_What_counts_as_a_lost_ball","output\018_002_What_counts_as_a_lost_ball\illustration-v2.png","output\018_002_What_counts_as_a_lost_ball\final-prompt-v2.txt","output\018_002_What_counts_as_a_lost_ball\image-generation-v2.json","208.66","","2026-06-24T15:59:31.274Z"
"136","177","success","What do you have to do if your ball is out of bounds?","R18","Out of bounds and provisional ball","output\018_002_What_do_you_have_to_do_if_your_ball_is_out_of_bounds","output\018_002_What_do_you_have_to_do_if_your_ball_is_out_of_bounds\illustration-v2.png","output\018_002_What_do_you_have_to_do_if_your_ball_is_out_of_bounds\final-prompt-v2.txt","output\018_002_What_do_you_have_to_do_if_your_ball_is_out_of_bounds\image-generation-v2.json","171.38","","2026-06-24T15:59:46.101Z"
"137","177","success","What if the provisional ball is in a better spot?","R18","Provisional Balls","output\018_002_What_if_the_provisional_ball_is_in_a_better_spot","output\018_002_What_if_the_provisional_ball_is_in_a_better_spot\illustration-v2.png","output\018_002_What_if_the_provisional_ball_is_in_a_better_spot\final-prompt-v2.txt","output\018_002_What_if_the_provisional_ball_is_in_a_better_spot\image-generation-v2.json","207.60","","2026-06-24T16:00:23.401Z"
"138","177","success","How and when to play a provisional ball","R18","Provisional/lost ball","output\018_003_How_and_when_to_play_a_provisional_ball","output\018_003_How_and_when_to_play_a_provisional_ball\illustration-v2.png","output\018_003_How_and_when_to_play_a_provisional_ball\final-prompt-v2.txt","output\018_003_How_and_when_to_play_a_provisional_ball\image-generation-v2.json","180.09","","2026-06-24T15:59:58.009Z"
"139","177","success","Provisional ball played past where the original ball is believed to be","R18","Provisional Balls","output\018_003_Provisional_ball_played_past_where_the_original_ball_is_believed_to_be","output\018_003_Provisional_ball_played_past_where_the_original_ball_is_believed_to_be\illustration-v2.png","output\018_003_Provisional_ball_played_past_where_the_original_ball_is_believed_to_be\final-prompt-v2.txt","output\018_003_Provisional_ball_played_past_where_the_original_ball_is_believed_to_be\image-generation-v2.json","174.53","","2026-06-24T15:59:56.147Z"
"140","177","success","What happens to your provisional ball?","R18","Out of bounds and provisional ball","output\018_003_What_happens_to_your_provisional_ball","output\018_003_What_happens_to_your_provisional_ball\illustration-v2.png","output\018_003_What_happens_to_your_provisional_ball\final-prompt-v2.txt","output\018_003_What_happens_to_your_provisional_ball\image-generation-v2.json","178.08","","2026-06-24T16:00:41.986Z"
"141","177","success","What if your original ball is out of bounds or not found?","R18","Provisional Ball","output\018_003_What_if_your_original_ball_is_out_of_bounds_or_not_found","output\018_003_What_if_your_original_ball_is_out_of_bounds_or_not_found\illustration-v2.png","output\018_003_What_if_your_original_ball_is_out_of_bounds_or_not_found\final-prompt-v2.txt","output\018_003_What_if_your_original_ball_is_out_of_bounds_or_not_found\image-generation-v2.json","180.09","","2026-06-24T16:02:31.371Z"
"142","177","success","When to play a provisional ball","18","Playing a provisional ball","output\018_003_When_to_play_a_provisional_ball","output\018_003_When_to_play_a_provisional_ball\illustration-v2.png","output\018_003_When_to_play_a_provisional_ball\final-prompt-v2.txt","output\018_003_When_to_play_a_provisional_ball\image-generation-v2.json","216.58","","2026-06-24T16:03:22.682Z"
"143","177","success","Can you play a provisional ball if your ball is in a penalty area?","R18","Provisional/lost ball","output\018_004_Can_you_play_a_provisional_ball_if_your_ball_is_in_a_penalty_area","output\018_004_Can_you_play_a_provisional_ball_if_your_ball_is_in_a_penalty_area\illustration-v2.png","output\018_004_Can_you_play_a_provisional_ball_if_your_ball_is_in_a_penalty_area\final-prompt-v2.txt","output\018_004_Can_you_play_a_provisional_ball_if_your_ball_is_in_a_penalty_area\image-generation-v2.json","178.95","","2026-06-24T16:02:55.100Z"
"144","177","success","Provisional ball and penalty areas","18","Playing a provisional ball","output\018_004_Provisional_ball_and_penalty_areas","output\018_004_Provisional_ball_and_penalty_areas\illustration-v2.png","output\018_004_Provisional_ball_and_penalty_areas\final-prompt-v2.txt","output\018_004_Provisional_ball_and_penalty_areas\image-generation-v2.json","198.10","","2026-06-24T16:03:16.113Z"
"145","177","success","Who decides if a ball is unplayable?","R19","Unplayable ball","output\019_001_Who_decides_if_a_ball_is_unplayable","output\019_001_Who_decides_if_a_ball_is_unplayable\illustration-v2.png","output\019_001_Who_decides_if_a_ball_is_unplayable\final-prompt-v2.txt","output\019_001_Who_decides_if_a_ball_is_unplayable\image-generation-v2.json","210.13","","2026-06-24T16:03:53.532Z"
"146","177","success","Declaring a Ball Unplayable in a Bunker","R19","Unplayable ball","output\019_002_Declaring_a_Ball_Unplayable_in_a_Bunker","output\019_002_Declaring_a_Ball_Unplayable_in_a_Bunker\illustration-v2.png","output\019_002_Declaring_a_Ball_Unplayable_in_a_Bunker\final-prompt-v2.txt","output\019_002_Declaring_a_Ball_Unplayable_in_a_Bunker\image-generation-v2.json","176.80","","2026-06-24T16:03:38.794Z"
"147","177","success","What are your options for an unplayable ball?","R19","Unplayable ball","output\019_002_What_are_your_options_for_an_unplayable_ball","output\019_002_What_are_your_options_for_an_unplayable_ball\illustration-v2.png","output\019_002_What_are_your_options_for_an_unplayable_ball\final-prompt-v2.txt","output\019_002_What_are_your_options_for_an_unplayable_ball\image-generation-v2.json","220.71","","2026-06-24T16:06:12.080Z"
"148","177","success","Options for an Unplayable Ball in a Bunker","R19","Unplayable ball","output\019_003_Options_for_an_Unplayable_Ball_in_a_Bunker","output\019_003_Options_for_an_Unplayable_Ball_in_a_Bunker\illustration-v2.png","output\019_003_Options_for_an_Unplayable_Ball_in_a_Bunker\final-prompt-v2.txt","output\019_003_Options_for_an_Unplayable_Ball_in_a_Bunker\image-generation-v2.json","177.91","","2026-06-24T16:05:53.016Z"
"149","177","success","What if your dropped ball ends up back in the same spot?","R19","Unplayable ball","output\019_003_What_if_your_dropped_ball_ends_up_back_in_the_same_spot","output\019_003_What_if_your_dropped_ball_ends_up_back_in_the_same_spot\illustration-v2.png","output\019_003_What_if_your_dropped_ball_ends_up_back_in_the_same_spot\final-prompt-v2.txt","output\019_003_What_if_your_dropped_ball_ends_up_back_in_the_same_spot\image-generation-v2.json","217.15","","2026-06-24T16:06:53.274Z"
"150","177","success","Dropping After Returning to Last Stroke Location","R19","Unplayable ball","output\019_004_Dropping_After_Returning_to_Last_Stroke_Location","output\019_004_Dropping_After_Returning_to_Last_Stroke_Location\illustration-v2.png","output\019_004_Dropping_After_Returning_to_Last_Stroke_Location\final-prompt-v2.txt","output\019_004_Dropping_After_Returning_to_Last_Stroke_Location\image-generation-v2.json","180.97","","2026-06-24T16:06:23.657Z"
"151","177","success","Declaring a ball unplayable in a penalty area","R19","Unplayable lie","output\019_005_Declaring_a_ball_unplayable_in_a_penalty_area","output\019_005_Declaring_a_ball_unplayable_in_a_penalty_area\illustration-v2.png","output\019_005_Declaring_a_ball_unplayable_in_a_penalty_area\final-prompt-v2.txt","output\019_005_Declaring_a_ball_unplayable_in_a_penalty_area\image-generation-v2.json","262.39","","2026-06-24T16:08:01.187Z"
"152","177","success","What should you do if you’re unsure which rule applies (stroke play)?","20","When in doubt about the rules","output\020_003_What_should_you_do_if_youre_unsure_which_rule_applies_stroke_play","output\020_003_What_should_you_do_if_youre_unsure_which_rule_applies_stroke_play\illustration-v2.png","output\020_003_What_should_you_do_if_youre_unsure_which_rule_applies_stroke_play\final-prompt-v2.txt","output\020_003_What_should_you_do_if_youre_unsure_which_rule_applies_stroke_play\image-generation-v2.json","173.11","","2026-06-24T16:06:46.646Z"
"153","177","success","Is playing two balls allowed in match play?","20","When in doubt about the rules","output\020_004_Is_playing_two_balls_allowed_in_match_play","output\020_004_Is_playing_two_balls_allowed_in_match_play\illustration-v2.png","output\020_004_Is_playing_two_balls_allowed_in_match_play\final-prompt-v2.txt","output\020_004_Is_playing_two_balls_allowed_in_match_play\image-generation-v2.json","189.34","","2026-06-24T16:09:02.356Z"
"154","177","success","Conceding putts in stroke play","R3/9","Putt conceded/ball not holed","output\039_002_Conceding_putts_in_stroke_play","output\039_002_Conceding_putts_in_stroke_play\illustration-v2.png","output\039_002_Conceding_putts_in_stroke_play\final-prompt-v2.txt","output\039_002_Conceding_putts_in_stroke_play\image-generation-v2.json","175.26","","2026-06-24T16:09:07.350Z"
"155","177","success","Moving or bending grass before your shot","R8/9","Do not break anything off or bend anything out of the way","output\089_001_Moving_or_bending_grass_before_your_shot","output\089_001_Moving_or_bending_grass_before_your_shot\illustration-v2.png","output\089_001_Moving_or_bending_grass_before_your_shot\final-prompt-v2.txt","output\089_001_Moving_or_bending_grass_before_your_shot\image-generation-v2.json","188.74","","2026-06-24T16:09:32.404Z"
"156","177","success","Penalty for breaking off branches during a practice swing","R8/9","Do not break anything off or bend anything out of the way","output\089_002_Penalty_for_breaking_off_branches_during_a_practice_swing","output\089_002_Penalty_for_breaking_off_branches_during_a_practice_swing\illustration-v2.png","output\089_002_Penalty_for_breaking_off_branches_during_a_practice_swing\final-prompt-v2.txt","output\089_002_Penalty_for_breaking_off_branches_during_a_practice_swing\image-generation-v2.json","221.61","","2026-06-24T16:10:28.258Z"
"157","177","success","Flagstick Hit Accidentally – What Happens?","R11/13","Ball hits the flagstick or the person tending it","output\1113_002_Flagstick_Hit_Accidentally_What_Happens","output\1113_002_Flagstick_Hit_Accidentally_What_Happens\illustration-v2.png","output\1113_002_Flagstick_Hit_Accidentally_What_Happens\final-prompt-v2.txt","output\1113_002_Flagstick_Hit_Accidentally_What_Happens\image-generation-v2.json","171.71","","2026-06-24T16:09:44.988Z"
"158","177","success","Flagstick Used To Stop The Ball – What's The Penalty?","R11/13","Ball hits the flagstick or the person tending it","output\1113_003_Flagstick_Used_To_Stop_The_Ball_Whats_The_Penalty","output\1113_003_Flagstick_Used_To_Stop_The_Ball_Whats_The_Penalty\illustration-v2.png","output\1113_003_Flagstick_Used_To_Stop_The_Ball_Whats_The_Penalty\final-prompt-v2.txt","output\1113_003_Flagstick_Used_To_Stop_The_Ball_Whats_The_Penalty\image-generation-v2.json","195.70","","2026-06-24T16:11:16.891Z"
"159","177","success","What to Do if Ball is Lost or Out of Bounds From Bunker","R12/14/18","Ball hit out of bounds/lost ball","output\121418_004_What_to_Do_if_Ball_is_Lost_or_Out_of_Bounds_From_Bunker","output\121418_004_What_to_Do_if_Ball_is_Lost_or_Out_of_Bounds_From_Bunker\illustration-v2.png","output\121418_004_What_to_Do_if_Ball_is_Lost_or_Out_of_Bounds_From_Bunker\final-prompt-v2.txt","output\121418_004_What_to_Do_if_Ball_is_Lost_or_Out_of_Bounds_From_Bunker\image-generation-v2.json","211.17","","2026-06-24T16:12:33.537Z"
"160","177","success","How to mark your ball on the green","R13/14","Marking and picking up the ball","output\1314_004_How_to_mark_your_ball_on_the_green","output\1314_004_How_to_mark_your_ball_on_the_green\illustration-v2.png","output\1314_004_How_to_mark_your_ball_on_the_green\final-prompt-v2.txt","output\1314_004_How_to_mark_your_ball_on_the_green\image-generation-v2.json","189.73","","2026-06-24T16:12:17.084Z"
"161","177","success","What to do when two balls are too close together","R14/15","Balls close to each other","output\1415_001_What_to_do_when_two_balls_are_too_close_together","output\1415_001_What_to_do_when_two_balls_are_too_close_together\illustration-v2.png","output\1415_001_What_to_do_when_two_balls_are_too_close_together\final-prompt-v2.txt","output\1415_001_What_to_do_when_two_balls_are_too_close_together\image-generation-v2.json","185.36","","2026-06-24T16:12:37.769Z"
"162","177","success","What to do when two balls are very close together","14/15","Balls close to each other","output\1415_001_What_to_do_when_two_balls_are_very_close_together","output\1415_001_What_to_do_when_two_balls_are_very_close_together\illustration-v2.png","output\1415_001_What_to_do_when_two_balls_are_very_close_together\final-prompt-v2.txt","output\1415_001_What_to_do_when_two_balls_are_very_close_together\image-generation-v2.json","185.70","","2026-06-24T16:12:50.695Z"
"163","177","success","Time to look for a lost ball","Def./R14/18","Looking for a ball","output\1418_002_Time_to_look_for_a_lost_ball","output\1418_002_Time_to_look_for_a_lost_ball\illustration-v2.png","output\1418_002_Time_to_look_for_a_lost_ball\final-prompt-v2.txt","output\1418_002_Time_to_look_for_a_lost_ball\image-generation-v2.json","214.30","","2026-06-24T16:14:02.567Z"
"164","177","success","Standing out of bounds to play a ball","16/18","Player out of bounds but ball on the course","output\1618_001_Standing_out_of_bounds_to_play_a_ball","output\1618_001_Standing_out_of_bounds_to_play_a_ball\illustration-v2.png","output\1618_001_Standing_out_of_bounds_to_play_a_ball\final-prompt-v2.txt","output\1618_001_Standing_out_of_bounds_to_play_a_ball\image-generation-v2.json","209.59","","2026-06-24T16:14:46.487Z"
"165","177","success","Relief from movable obstructions outside the course","16/18","Player out of bounds but ball on the course","output\1618_002_Relief_from_movable_obstructions_outside_the_course","output\1618_002_Relief_from_movable_obstructions_outside_the_course\illustration-v2.png","output\1618_002_Relief_from_movable_obstructions_outside_the_course\final-prompt-v2.txt","output\1618_002_Relief_from_movable_obstructions_outside_the_course\image-generation-v2.json","194.62","","2026-06-24T16:15:31.710Z"
"166","177","success","Ball possibly in a penalty area","R17/18","In a penalty area","output\1718_002_Ball_possibly_in_a_penalty_area","output\1718_002_Ball_possibly_in_a_penalty_area\illustration-v2.png","output\1718_002_Ball_possibly_in_a_penalty_area\final-prompt-v2.txt","output\1718_002_Ball_possibly_in_a_penalty_area\image-generation-v2.json","182.89","","2026-06-24T16:15:36.435Z"
"167","177","success","Original ball found but is unplayable","R18/19","Provisional Ball / Unplayable Ball","output\1819_002_Original_ball_found_but_is_unplayable","output\1819_002_Original_ball_found_but_is_unplayable\illustration-v2.png","output\1819_002_Original_ball_found_but_is_unplayable\final-prompt-v2.txt","output\1819_002_Original_ball_found_but_is_unplayable\image-generation-v2.json","216.87","","2026-06-24T16:16:14.648Z"
"168","177","success","What must you do with your ball on each hole?","R3/21","Holing out and conceding","output\321_002_What_must_you_do_with_your_ball_on_each_hole","output\321_002_What_must_you_do_with_your_ball_on_each_hole\illustration-v2.png","output\321_002_What_must_you_do_with_your_ball_on_each_hole\final-prompt-v2.txt","output\321_002_What_must_you_do_with_your_ball_on_each_hole\image-generation-v2.json","180.60","","2026-06-24T16:15:51.295Z"
"169","177","success","When can you change your golf ball?","R6/14","Substituting the ball","output\614_003_When_can_you_change_your_golf_ball","output\614_003_When_can_you_change_your_golf_ball\illustration-v2.png","output\614_003_When_can_you_change_your_golf_ball\final-prompt-v2.txt","output\614_003_When_can_you_change_your_golf_ball\image-generation-v2.json","179.70","","2026-06-24T16:17:02.273Z"
"170","177","success","What can you do on the tee?","R6/8/15","Relief","output\6815_003_What_can_you_do_on_the_tee","output\6815_003_What_can_you_do_on_the_tee\illustration-v2.png","output\6815_003_What_can_you_do_on_the_tee\final-prompt-v2.txt","output\6815_003_What_can_you_do_on_the_tee\image-generation-v2.json","182.31","","2026-06-24T16:17:48.810Z"
"171","177","success","What should you do if you find your ball in a tricky spot?","6/8/9","Playing the ball as it lies","output\689_001_What_should_you_do_if_you_find_your_ball_in_a_tricky_spot","output\689_001_What_should_you_do_if_you_find_your_ball_in_a_tricky_spot\illustration-v2.png","output\689_001_What_should_you_do_if_you_find_your_ball_in_a_tricky_spot\final-prompt-v2.txt","output\689_001_What_should_you_do_if_you_find_your_ball_in_a_tricky_spot\image-generation-v2.json","195.76","","2026-06-24T16:18:47.475Z"
"172","177","success","When must you NOT play the ball as it lies?","6/8/9","Playing the ball as it lies","output\689_002_When_must_you_NOT_play_the_ball_as_it_lies","output\689_002_When_must_you_NOT_play_the_ball_as_it_lies\illustration-v2.png","output\689_002_When_must_you_NOT_play_the_ball_as_it_lies\final-prompt-v2.txt","output\689_002_When_must_you_NOT_play_the_ball_as_it_lies\image-generation-v2.json","204.33","","2026-06-24T16:19:00.770Z"
"173","177","success","How do you check if a ball in a bunker is yours?","R7/14","Identifying the ball","output\714_003_How_do_you_check_if_a_ball_in_a_bunker_is_yours","output\714_003_How_do_you_check_if_a_ball_in_a_bunker_is_yours\illustration-v2.png","output\714_003_How_do_you_check_if_a_ball_in_a_bunker_is_yours\final-prompt-v2.txt","output\714_003_How_do_you_check_if_a_ball_in_a_bunker_is_yours\image-generation-v2.json","189.30","","2026-06-24T16:19:00.601Z"
"174","177","success","Identifying your ball","R7/14","Identifying the ball","output\714_004_Identifying_your_ball","output\714_004_Identifying_your_ball\illustration-v2.png","output\714_004_Identifying_your_ball\final-prompt-v2.txt","output\714_004_Identifying_your_ball\image-generation-v2.json","213.85","","2026-06-24T16:19:48.500Z"
"175","177","success","Ball Rolls Back Into Your Footprints in Bunker","R8/12","Ball rolls into your own footprints","output\812_002_Ball_Rolls_Back_Into_Your_Footprints_in_Bunker","output\812_002_Ball_Rolls_Back_Into_Your_Footprints_in_Bunker\illustration-v2.png","output\812_002_Ball_Rolls_Back_Into_Your_Footprints_in_Bunker\final-prompt-v2.txt","output\812_002_Ball_Rolls_Back_Into_Your_Footprints_in_Bunker\image-generation-v2.json","180.86","","2026-06-24T16:20:03.144Z"
"176","177","success","Playing a ball in a penalty area","R8/9/17","Playing the ball as it lies","output\8917_002_Playing_a_ball_in_a_penalty_area","output\8917_002_Playing_a_ball_in_a_penalty_area\illustration-v2.png","output\8917_002_Playing_a_ball_in_a_penalty_area\final-prompt-v2.txt","output\8917_002_Playing_a_ball_in_a_penalty_area\image-generation-v2.json","211.91","","2026-06-24T16:21:20.731Z"
"177","177","success","What to do if your ball is moved by an animal","R9/14","Ball at rest moved by an outside influence","output\914_001_What_to_do_if_your_ball_is_moved_by_an_animal","output\914_001_What_to_do_if_your_ball_is_moved_by_an_animal\illustration-v2.png","output\914_001_What_to_do_if_your_ball_is_moved_by_an_animal\final-prompt-v2.txt","output\914_001_What_to_do_if_your_ball_is_moved_by_an_animal\image-generation-v2.json","362.94","","2026-06-24T16:24:50.424Z"