"Index","Total","Status","Rule Number","Rule Name","Title","Folder","Output Path","Duration Seconds","Error","Completed At UTC"
"1","245","skipped","Def.","Ball bounces back out of the hole","Ball Bounces Out Of The Hole – Is It Holed?","output\000_001_Ball_Bounces_Out_Of_The_Hole_Is_It_Holed","output\000_001_Ball_Bounces_Out_Of_The_Hole_Is_It_Holed\junior-version.json","0.00","","2026-06-26T19:53:13.460Z"
"2","245","skipped","R2","General area","What counts as the general area?","output\002_001_What_counts_as_the_general_area","output\002_001_What_counts_as_the_general_area\junior-version.json","0.00","","2026-06-26T19:53:13.461Z"
"3","245","skipped","R4","Maximum of 14 clubs","Too Many Clubs Discovered After Starting Round","output\004_002_Too_Many_Clubs_Discovered_After_Starting_Round","output\004_002_Too_Many_Clubs_Discovered_After_Starting_Round\junior-version.json","0.00","","2026-06-26T19:53:13.461Z"
"4","245","skipped","R4","Maximum of 14 clubs","Borrowing a Club During a Round","output\004_003_Borrowing_a_Club_During_a_Round","output\004_003_Borrowing_a_Club_During_a_Round\junior-version.json","0.00","","2026-06-26T19:53:13.462Z"
"5","245","skipped","R5","Late arrival","Penalty for Arriving Late to the Tee","output\005_001_Penalty_for_Arriving_Late_to_the_Tee","output\005_001_Penalty_for_Arriving_Late_to_the_Tee\junior-version.json","0.00","","2026-06-26T19:53:13.463Z"
"6","245","skipped","R5","Practice putting and chipping","Practising after finishing a hole","output\005_004_Practising_after_finishing_a_hole","output\005_004_Practising_after_finishing_a_hole\junior-version.json","0.00","","2026-06-26T19:53:13.467Z"
"7","245","skipped","R5","Suspension of play/thunderstorm","What to Do When Play Is Suspended Due to a Thunderstorm","output\005_004_What_to_Do_When_Play_Is_Suspended_Due_to_a_Thunderstorm","output\005_004_What_to_Do_When_Play_Is_Suspended_Due_to_a_Thunderstorm\junior-version.json","0.00","","2026-06-26T19:53:13.469Z"
"8","245","skipped","R5","Chipping and putting while waiting","Chipping and putting before your tee shot","output\005_005_Chipping_and_putting_before_your_tee_shot","output\005_005_Chipping_and_putting_before_your_tee_shot\junior-version.json","0.00","","2026-06-26T19:53:13.470Z"
"9","245","skipped","R5","Suspension of play/thunderstorm","What To Do If There's a Risk of Lightning","output\005_005_What_To_Do_If_Theres_a_Risk_of_Lightning","output\005_005_What_To_Do_If_Theres_a_Risk_of_Lightning\junior-version.json","0.00","","2026-06-26T19:53:13.472Z"
"10","245","skipped","R6","Penalty area – Wrong ball","Penalty for hitting the wrong ball in a penalty area","output\006_001_Penalty_for_hitting_the_wrong_ball_in_a_penalty_area","output\006_001_Penalty_for_hitting_the_wrong_ball_in_a_penalty_area\junior-version.json","0.00","","2026-06-26T19:53:13.473Z"
"11","245","skipped","R6","Wrong ball","Penalty for playing the wrong ball","output\006_001_Penalty_for_playing_the_wrong_ball","output\006_001_Penalty_for_playing_the_wrong_ball\junior-version.json","0.09","","2026-06-26T19:53:13.563Z"
"12","245","skipped","R6","Playing from the teeing area","Playing from the wrong teeing area","output\006_001_Playing_from_the_wrong_teeing_area","output\006_001_Playing_from_the_wrong_teeing_area\junior-version.json","0.00","","2026-06-26T19:53:13.567Z"
"13","245","skipped","6","Playing in the wrong order","What happens if you tee off in the wrong order?","output\006_001_What_happens_if_you_tee_off_in_the_wrong_order","output\006_001_What_happens_if_you_tee_off_in_the_wrong_order\junior-version.json","0.00","","2026-06-26T19:53:13.569Z"
"14","245","skipped","6","Teeing area","Defining the teeing area","output\006_002_Defining_the_teeing_area","output\006_002_Defining_the_teeing_area\junior-version.json","0.00","","2026-06-26T19:53:13.570Z"
"15","245","skipped","R6","Tee-markers","Moving the tee-markers","output\006_002_Moving_the_tee_markers","output\006_002_Moving_the_tee_markers\junior-version.json","0.00","","2026-06-26T19:53:13.572Z"
"16","245","skipped","6","Wrong ball","Penalty for playing the wrong ball","output\006_002_Penalty_for_playing_the_wrong_ball","output\006_002_Penalty_for_playing_the_wrong_ball\junior-version.json","0.00","","2026-06-26T19:53:13.576Z"
"17","245","skipped","R6","Wrong ball","What to do if you can't find your original ball after hitting a wrong ball","output\006_002_What_to_do_if_you_cant_find_your_original_ball_after_hitting_a_wrong_ball","output\006_002_What_to_do_if_you_cant_find_your_original_ball_after_hitting_a_wrong_ball\junior-version.json","0.00","","2026-06-26T19:53:13.578Z"
"18","245","skipped","R6","Wrong ball","Consequence of not correcting a wrong ball mistake","output\006_003_Consequence_of_not_correcting_a_wrong_ball_mistake","output\006_003_Consequence_of_not_correcting_a_wrong_ball_mistake\junior-version.json","0.00","","2026-06-26T19:53:13.580Z"
"19","245","skipped","6","Wrong ball","Consequences if you hole out with a wrong ball","output\006_003_Consequences_if_you_hole_out_with_a_wrong_ball","output\006_003_Consequences_if_you_hole_out_with_a_wrong_ball\junior-version.json","0.00","","2026-06-26T19:53:13.582Z"
"20","245","skipped","6","Playing from outside the teeing area","Penalty for playing from outside the teeing area","output\006_003_Penalty_for_playing_from_outside_the_teeing_area","output\006_003_Penalty_for_playing_from_outside_the_teeing_area\junior-version.json","0.00","","2026-06-26T19:53:13.585Z"
"21","245","skipped","R6","Playing in the wrong order","Playing out of turn to save time","output\006_003_Playing_out_of_turn_to_save_time","output\006_003_Playing_out_of_turn_to_save_time\junior-version.json","0.00","","2026-06-26T19:53:13.586Z"
"22","245","skipped","R6","Order of play","Who plays first on the green?","output\006_003_Who_plays_first_on_the_green","output\006_003_Who_plays_first_on_the_green\junior-version.json","0.00","","2026-06-26T19:53:13.588Z"
"23","245","skipped","6","Playing from outside the teeing area","Correcting a teeing area mistake","output\006_004_Correcting_a_teeing_area_mistake","output\006_004_Correcting_a_teeing_area_mistake\junior-version.json","0.00","","2026-06-26T19:53:13.589Z"
"24","245","skipped","R6","The honour/order of play","Order of Play on the First Tee","output\006_004_Order_of_Play_on_the_First_Tee","output\006_004_Order_of_Play_on_the_First_Tee\junior-version.json","0.00","","2026-06-26T19:53:13.592Z"
"25","245","skipped","R6","Playing in the wrong order","Penalty for taking advantage with wrong order of play","output\006_004_Penalty_for_taking_advantage_with_wrong_order_of_play","output\006_004_Penalty_for_taking_advantage_with_wrong_order_of_play\junior-version.json","0.00","","2026-06-26T19:53:13.594Z"
"26","245","skipped","R6","Ball falls off the tee","What happens if your ball falls off the tee accidentally?","output\006_004_What_happens_if_your_ball_falls_off_the_tee_accidentally","output\006_004_What_happens_if_your_ball_falls_off_the_tee_accidentally\junior-version.json","0.00","","2026-06-26T19:53:13.595Z"
"27","245","skipped","Def./R6","Air shot","Does an air shot count as a stroke?","output\006_005_Does_an_air_shot_count_as_a_stroke","output\006_005_Does_an_air_shot_count_as_a_stroke\junior-version.json","0.00","","2026-06-26T19:53:13.596Z"
"28","245","skipped","R7","Identifying the ball","What to do if you can't tell if the ball is yours","output\007_001_What_to_do_if_you_cant_tell_if_the_ball_is_yours","output\007_001_What_to_do_if_you_cant_tell_if_the_ball_is_yours\junior-version.json","0.00","","2026-06-26T19:53:13.598Z"
"29","245","skipped","R7","Ball disappeared in the sand","What can you do if your ball sinks into the bunker?","output\007_002_What_can_you_do_if_your_ball_sinks_into_the_bunker","output\007_002_What_can_you_do_if_your_ball_sinks_into_the_bunker\junior-version.json","0.00","","2026-06-26T19:53:13.600Z"
"30","245","skipped","R7","Ball moved during a search","What if you move your ball while searching?","output\007_003_What_if_you_move_your_ball_while_searching","output\007_003_What_if_you_move_your_ball_while_searching\junior-version.json","0.00","","2026-06-26T19:53:13.602Z"
"31","245","skipped","R8","Divots, tractor ruts, bald patches, etc.","Playing from a divot, rut or bald patch","output\008_003_Playing_from_a_divot_rut_or_bald_patch","output\008_003_Playing_from_a_divot_rut_or_bald_patch\junior-version.json","0.00","","2026-06-26T19:53:13.603Z"
"32","245","skipped","R9","Ball at rest is moved","Ball moved while looking for it","output\009_001_Ball_moved_while_looking_for_it","output\009_001_Ball_moved_while_looking_for_it\junior-version.json","0.00","","2026-06-26T19:53:13.604Z"
"33","245","skipped","R9","Ball at rest moved by an outside influence","What to do if your ball is moved by a dog","output\009_001_What_to_do_if_your_ball_is_moved_by_a_dog","output\009_001_What_to_do_if_your_ball_is_moved_by_a_dog\junior-version.json","0.00","","2026-06-26T19:53:13.611Z"
"34","245","skipped","R9","Ball at rest is moved","Ball moved while preparing a stroke","output\009_002_Ball_moved_while_preparing_a_stroke","output\009_002_Ball_moved_while_preparing_a_stroke\junior-version.json","0.00","","2026-06-26T19:53:13.612Z"
"35","245","skipped","R9","Ball at rest is moved","Ball moved by an animal","output\009_003_Ball_moved_by_an_animal","output\009_003_Ball_moved_by_an_animal\junior-version.json","0.00","","2026-06-26T19:53:13.614Z"
"36","245","skipped","R9","Ball at rest is moved","Ball moved by the wind after a stroke","output\009_004_Ball_moved_by_the_wind_after_a_stroke","output\009_004_Ball_moved_by_the_wind_after_a_stroke\junior-version.json","0.00","","2026-06-26T19:53:13.615Z"
"37","245","skipped","R9","Ball moved when taking a practice swing","What happens if you move your ball on a practice swing?","output\009_004_What_happens_if_you_move_your_ball_on_a_practice_swing","output\009_004_What_happens_if_you_move_your_ball_on_a_practice_swing\junior-version.json","0.00","","2026-06-26T19:53:13.618Z"
"38","245","skipped","R9","Ball at rest is moved","Opponent moves your ball in match play","output\009_005_Opponent_moves_your_ball_in_match_play","output\009_005_Opponent_moves_your_ball_in_match_play\junior-version.json","0.00","","2026-06-26T19:53:13.619Z"
"39","245","skipped","R9","Ball moved when grounding the club","Penalty for moving the ball when grounding the club","output\009_005_Penalty_for_moving_the_ball_when_grounding_the_club","output\009_005_Penalty_for_moving_the_ball_when_grounding_the_club\junior-version.json","0.00","","2026-06-26T19:53:13.623Z"
"40","245","skipped","R10","Advice and line of play","What advice can you ask for on the course?","output\010_001_What_advice_can_you_ask_for_on_the_course","output\010_001_What_advice_can_you_ask_for_on_the_course\junior-version.json","0.00","","2026-06-26T19:53:13.624Z"
"41","245","skipped","R10","Advice and line of play","What advice can you ask for on the golf course?","output\010_001_What_advice_can_you_ask_for_on_the_golf_course","output\010_001_What_advice_can_you_ask_for_on_the_golf_course\junior-version.json","0.00","","2026-06-26T19:53:13.626Z"
"42","245","skipped","R10","Advice and line of play","When can you discuss distances on the course?","output\010_001_When_can_you_discuss_distances_on_the_course","output\010_001_When_can_you_discuss_distances_on_the_course\junior-version.json","0.00","","2026-06-26T19:53:13.628Z"
"43","245","skipped","R10","Advice and line of play","Allowed questions in golf","output\010_002_Allowed_questions_in_golf","output\010_002_Allowed_questions_in_golf\junior-version.json","0.00","","2026-06-26T19:53:13.630Z"
"44","245","skipped","R10","Advice and line of play","Giving advice before a shot","output\010_002_Giving_advice_before_a_shot","output\010_002_Giving_advice_before_a_shot\junior-version.json","0.00","","2026-06-26T19:53:13.640Z"
"45","245","skipped","R10","Advice and line of play","Penalty for giving or asking for advice","output\010_002_Penalty_for_giving_or_asking_for_advice","output\010_002_Penalty_for_giving_or_asking_for_advice\junior-version.json","0.00","","2026-06-26T19:53:13.641Z"
"46","245","skipped","R10","Protection from the elements","Umbrellas and outside help while putting","output\010_003_Umbrellas_and_outside_help_while_putting","output\010_003_Umbrellas_and_outside_help_while_putting\junior-version.json","0.00","","2026-06-26T19:53:13.643Z"
"47","245","skipped","R10","Double hit","What happens if you accidentally hit the ball twice in one swing?","output\010_003_What_happens_if_you_accidentally_hit_the_ball_twice_in_one_swing","output\010_003_What_happens_if_you_accidentally_hit_the_ball_twice_in_one_swing\junior-version.json","0.00","","2026-06-26T19:53:13.645Z"
"48","245","skipped","R10","Advice and line of play","What happens if you get advice without asking?","output\010_003_What_happens_if_you_get_advice_without_asking","output\010_003_What_happens_if_you_get_advice_without_asking\junior-version.json","0.00","","2026-06-26T19:53:13.648Z"
"49","245","skipped","10","Advice and line of play","Advice about line of play on the green","output\010_004_Advice_about_line_of_play_on_the_green","output\010_004_Advice_about_line_of_play_on_the_green\junior-version.json","0.00","","2026-06-26T19:53:13.651Z"
"50","245","skipped","R10","Double hit","If you accidentally double-hit the ball","output\010_004_If_you_accidentally_double_hit_the_ball","output\010_004_If_you_accidentally_double_hit_the_ball\junior-version.json","0.00","","2026-06-26T19:53:13.656Z"
"51","245","skipped","R10","Careless putting","Penalty for pushing or scraping a putt","output\010_004_Penalty_for_pushing_or_scraping_a_putt","output\010_004_Penalty_for_pushing_or_scraping_a_putt\junior-version.json","0.00","","2026-06-26T19:53:13.658Z"
"52","245","skipped","R10","Double hit","What Happens If You Accidentally Double-Hit the Ball?","output\010_005_What_Happens_If_You_Accidentally_Double_Hit_the_Ball","output\010_005_What_Happens_If_You_Accidentally_Double_Hit_the_Ball\junior-version.json","0.00","","2026-06-26T19:53:13.661Z"
"53","245","skipped","R11","Ball in motion accidentally hits ...","Ball hits player's own equipment","output\011_001_Ball_hits_players_own_equipment","output\011_001_Ball_hits_players_own_equipment\junior-version.json","0.00","","2026-06-26T19:53:13.663Z"
"54","245","skipped","11","Ball in motion intentionally deflected","Where to drop a ball intentionally deflected by a person","output\011_001_Where_to_drop_a_ball_intentionally_deflected_by_a_person","output\011_001_Where_to_drop_a_ball_intentionally_deflected_by_a_person\junior-version.json","0.00","","2026-06-26T19:53:13.666Z"
"55","245","skipped","R11","Ball in motion accidentally hits ...","Ball strikes an outside influence","output\011_002_Ball_strikes_an_outside_influence","output\011_002_Ball_strikes_an_outside_influence\junior-version.json","0.00","","2026-06-26T19:53:13.670Z"
"56","245","skipped","11","Ball in motion intentionally deflected","Exception for balls intentionally deflected on the green","output\011_002_Exception_for_balls_intentionally_deflected_on_the_green","output\011_002_Exception_for_balls_intentionally_deflected_on_the_green\junior-version.json","0.00","","2026-06-26T19:53:13.671Z"
"57","245","skipped","R11","Ball deflected by marker","Ball hits a ball-marker","output\011_003_Ball_hits_a_ball_marker","output\011_003_Ball_hits_a_ball_marker\junior-version.json","0.00","","2026-06-26T19:53:13.673Z"
"58","245","skipped","R11","Ball in motion accidentally hits ...","Ball hits another ball at rest","output\011_003_Ball_hits_another_ball_at_rest","output\011_003_Ball_hits_another_ball_at_rest\junior-version.json","0.00","","2026-06-26T19:53:13.675Z"
"59","245","skipped","11","Ball in motion intentionally deflected","Penalty for intentionally deflecting a moving ball","output\011_003_Penalty_for_intentionally_deflecting_a_moving_ball","output\011_003_Penalty_for_intentionally_deflecting_a_moving_ball\junior-version.json","0.00","","2026-06-26T19:53:13.677Z"
"60","245","skipped","R11","Ball hits another player or an outside influence","Ball Hits Another Player On The Green – What Now?","output\011_004_Ball_Hits_Another_Player_On_The_Green_What_Now","output\011_004_Ball_Hits_Another_Player_On_The_Green_What_Now\junior-version.json","0.00","","2026-06-26T19:53:13.679Z"
"61","245","skipped","R11","Ball hits another ball","Ball striking another ball on the green","output\011_004_Ball_striking_another_ball_on_the_green","output\011_004_Ball_striking_another_ball_on_the_green\junior-version.json","0.00","","2026-06-26T19:53:13.680Z"
"62","245","skipped","11","Ball in motion intentionally deflected","Objects as ball stoppers","output\011_004_Objects_as_ball_stoppers","output\011_004_Objects_as_ball_stoppers\junior-version.json","0.00","","2026-06-26T19:53:13.682Z"
"63","245","skipped","R11","Ball hits an outside influence or the player","Playing after your ball hits another person or animal","output\011_004_Playing_after_your_ball_hits_another_person_or_animal","output\011_004_Playing_after_your_ball_hits_another_person_or_animal\junior-version.json","0.00","","2026-06-26T19:53:13.686Z"
"64","245","skipped","R11","Ball in motion accidentally hits ... the opponent in match play","Ball accidentally hits opponent in match play","output\011_005_Ball_accidentally_hits_opponent_in_match_play","output\011_005_Ball_accidentally_hits_opponent_in_match_play\junior-version.json","0.00","","2026-06-26T19:53:13.688Z"
"65","245","skipped","R11","Ball hits an outside influence or the player","Deliberately stopping your ball with equipment","output\011_005_Deliberately_stopping_your_ball_with_equipment","output\011_005_Deliberately_stopping_your_ball_with_equipment\junior-version.json","0.00","","2026-06-26T19:53:13.690Z"
"66","245","skipped","R12","Old footprints, buried lie, etc.","Playing a Ball from a Bad Lie","output\012_001_Playing_a_Ball_from_a_Bad_Lie","output\012_001_Playing_a_Ball_from_a_Bad_Lie\junior-version.json","0.00","","2026-06-26T19:53:13.692Z"
"67","245","skipped","R12","Bunker","When is a ball 'in the bunker'?","output\012_001_When_is_a_ball_in_the_bunker","output\012_001_When_is_a_ball_in_the_bunker\junior-version.json","0.00","","2026-06-26T19:53:13.694Z"
"68","245","skipped","R12","Ball stays in bunker","Raking Between Bunker Shots","output\012_003_Raking_Between_Bunker_Shots","output\012_003_Raking_Between_Bunker_Shots\junior-version.json","0.00","","2026-06-26T19:53:13.696Z"
"69","245","skipped","R12","Do not touch or test the sand","What is not allowed before your bunker shot?","output\012_004_What_is_not_allowed_before_your_bunker_shot","output\012_004_What_is_not_allowed_before_your_bunker_shot\junior-version.json","0.00","","2026-06-26T19:53:13.701Z"
"70","245","skipped","R13","Green and fringe","Is the fringe part of the green?","output\013_001_Is_the_fringe_part_of_the_green","output\013_001_Is_the_fringe_part_of_the_green\junior-version.json","0.00","","2026-06-26T19:53:13.704Z"
"71","245","skipped","R1/3","Stroke play and match play","Penalty differences in stroke play and match play","output\013_001_Penalty_differences_in_stroke_play_and_match_play","output\013_001_Penalty_differences_in_stroke_play_and_match_play\junior-version.json","0.00","","2026-06-26T19:53:13.706Z"
"72","245","skipped","R13","Putting Green","Testing the Green","output\013_001_Testing_the_Green","output\013_001_Testing_the_Green\junior-version.json","0.00","","2026-06-26T19:53:13.709Z"
"73","245","skipped","13","Ball accidentally moved","What happens if you accidentally move your ball on the green?","output\013_001_What_happens_if_you_accidentally_move_your_ball_on_the_green","output\013_001_What_happens_if_you_accidentally_move_your_ball_on_the_green\junior-version.json","0.00","","2026-06-26T19:53:13.711Z"
"74","245","skipped","R13","Wrong green","Ball lands on the wrong green","output\013_002_Ball_lands_on_the_wrong_green","output\013_002_Ball_lands_on_the_wrong_green\junior-version.json","0.00","","2026-06-26T19:53:13.713Z"
"75","245","skipped","R13","Ball wedged on the flagstick","Ball wedged against the flagstick","output\013_002_Ball_wedged_against_the_flagstick","output\013_002_Ball_wedged_against_the_flagstick\junior-version.json","0.00","","2026-06-26T19:53:13.719Z"
"76","245","skipped","R13","Putting Green","Repairing Damage on the Green","output\013_002_Repairing_Damage_on_the_Green","output\013_002_Repairing_Damage_on_the_Green\junior-version.json","0.00","","2026-06-26T19:53:13.721Z"
"77","245","skipped","R13","Wrong green","What should you do if your ball lands on the wrong green?","output\013_002_What_should_you_do_if_your_ball_lands_on_the_wrong_green","output\013_002_What_should_you_do_if_your_ball_lands_on_the_wrong_green\junior-version.json","0.00","","2026-06-26T19:53:13.722Z"
"78","245","skipped","R13","Ball moved when marking it","If you accidentally move your ball or marker when marking","output\013_003_If_you_accidentally_move_your_ball_or_marker_when_marking","output\013_003_If_you_accidentally_move_your_ball_or_marker_when_marking\junior-version.json","0.00","","2026-06-26T19:53:13.725Z"
"79","245","skipped","R13","Ball on the edge of the hole","Waiting time for a ball on the edge of the hole","output\013_003_Waiting_time_for_a_ball_on_the_edge_of_the_hole","output\013_003_Waiting_time_for_a_ball_on_the_edge_of_the_hole\junior-version.json","0.00","","2026-06-26T19:53:13.727Z"
"80","245","skipped","R13","Putting Green","What To Do With An Embedded Ball","output\013_003_What_To_Do_With_An_Embedded_Ball","output\013_003_What_To_Do_With_An_Embedded_Ball\junior-version.json","0.00","","2026-06-26T19:53:13.729Z"
"81","245","skipped","R13","Ball moves after being put back","What happens if the ball rolls away after being replaced?","output\013_004_What_happens_if_the_ball_rolls_away_after_being_replaced","output\013_004_What_happens_if_the_ball_rolls_away_after_being_replaced\junior-version.json","0.00","","2026-06-26T19:53:13.734Z"
"82","245","skipped","R13","Ball in motion accidentally hits ... the flagstick","Your ball hits the flagstick in the hole","output\013_004_Your_ball_hits_the_flagstick_in_the_hole","output\013_004_Your_ball_hits_the_flagstick_in_the_hole\junior-version.json","0.00","","2026-06-26T19:53:13.735Z"
"83","245","skipped","R14","Incorrect drop","Penalty for Playing from the Wrong Spot After a Drop","output\014_001_Penalty_for_Playing_from_the_Wrong_Spot_After_a_Drop","output\014_001_Penalty_for_Playing_from_the_Wrong_Spot_After_a_Drop\junior-version.json","0.00","","2026-06-26T19:53:13.737Z"
"84","245","skipped","14","Dropping and re-dropping","What is a club-length?","output\014_001_What_is_a_club_length","output\014_001_What_is_a_club_length\junior-version.json","0.00","","2026-06-26T19:53:13.739Z"
"85","245","skipped","R14","Ball marked by another person","Who can put the ball back?","output\014_001_Who_can_put_the_ball_back","output\014_001_Who_can_put_the_ball_back\junior-version.json","0.00","","2026-06-26T19:53:13.741Z"
"86","245","skipped","14","Dropping and re-dropping","Correct way to drop a ball","output\014_002_Correct_way_to_drop_a_ball","output\014_002_Correct_way_to_drop_a_ball\junior-version.json","0.00","","2026-06-26T19:53:13.743Z"
"87","245","skipped","R14","Incorrect drop","Penalty for Dropping Incorrectly but Playing from the Right Spot","output\014_002_Penalty_for_Dropping_Incorrectly_but_Playing_from_the_Right_Spot","output\014_002_Penalty_for_Dropping_Incorrectly_but_Playing_from_the_Right_Spot\junior-version.json","0.00","","2026-06-26T19:53:13.744Z"
"88","245","skipped","R14","Incorrect drop","Penalty for Placing Instead of Dropping","output\014_003_Penalty_for_Placing_Instead_of_Dropping","output\014_003_Penalty_for_Placing_Instead_of_Dropping\junior-version.json","0.00","","2026-06-26T19:53:13.749Z"
"89","245","skipped","14","Dropping and re-dropping","When must a ball be dropped again?","output\014_003_When_must_a_ball_be_dropped_again","output\014_003_When_must_a_ball_be_dropped_again\junior-version.json","0.00","","2026-06-26T19:53:13.752Z"
"90","245","skipped","14","Dropping and re-dropping","What happens if the dropped ball rolls out of the relief area?","output\014_004_What_happens_if_the_dropped_ball_rolls_out_of_the_relief_area","output\014_004_What_happens_if_the_dropped_ball_rolls_out_of_the_relief_area\junior-version.json","0.00","","2026-06-26T19:53:13.754Z"
"91","245","skipped","14","Dropping and re-dropping","What do you do if the ball won't stay in the relief area?","output\014_005_What_do_you_do_if_the_ball_wont_stay_in_the_relief_area","output\014_005_What_do_you_do_if_the_ball_wont_stay_in_the_relief_area\junior-version.json","0.00","","2026-06-26T19:53:13.756Z"
"92","245","skipped","R15","Marking to the side","Marking to the side to avoid another player's line","output\015_002_Marking_to_the_side_to_avoid_another_players_line","output\015_002_Marking_to_the_side_to_avoid_another_players_line\junior-version.json","0.00","","2026-06-26T19:53:13.759Z"
"93","245","skipped","R15","Loose impediments","Moving loose impediments","output\015_002_Moving_loose_impediments","output\015_002_Moving_loose_impediments\junior-version.json","0.00","","2026-06-26T19:53:13.761Z"
"94","245","skipped","R15","Loose impediments","Handling loose impediments","output\015_003_Handling_loose_impediments","output\015_003_Handling_loose_impediments\junior-version.json","0.00","","2026-06-26T19:53:13.765Z"
"95","245","skipped","Def./R15","Loose impediments","Moving loose impediments around your ball","output\015_003_Moving_loose_impediments_around_your_ball","output\015_003_Moving_loose_impediments_around_your_ball\junior-version.json","0.00","","2026-06-26T19:53:13.767Z"
"96","245","skipped","R15","Movable obstructions","Removing artificial objects","output\015_003_Removing_artificial_objects","output\015_003_Removing_artificial_objects\junior-version.json","0.00","","2026-06-26T19:53:13.770Z"
"97","245","skipped","R15","Movable obstructions","Dealing with movable obstructions on the course","output\015_004_Dealing_with_movable_obstructions_on_the_course","output\015_004_Dealing_with_movable_obstructions_on_the_course\junior-version.json","0.00","","2026-06-26T19:53:13.771Z"
"98","245","skipped","R15","Movable obstructions","Moving artificial objects","output\015_004_Moving_artificial_objects","output\015_004_Moving_artificial_objects\junior-version.json","0.00","","2026-06-26T19:53:13.773Z"
"99","245","skipped","R15","Loose Impediments","Removing Loose Impediments on the Green","output\015_004_Removing_Loose_Impediments_on_the_Green","output\015_004_Removing_Loose_Impediments_on_the_Green\junior-version.json","0.00","","2026-06-26T19:53:13.775Z"
"100","245","skipped","R15","Movable Obstructions","Dealing with Movable Obstructions","output\015_005_Dealing_with_Movable_Obstructions","output\015_005_Dealing_with_Movable_Obstructions\junior-version.json","0.00","","2026-06-26T19:53:13.777Z"
"101","245","skipped","R16","Ball lost in abnormal course conditions","Free relief for lost ball in abnormal course conditions","output\016_001_Free_relief_for_lost_ball_in_abnormal_course_conditions","output\016_001_Free_relief_for_lost_ball_in_abnormal_course_conditions\junior-version.json","0.00","","2026-06-26T19:53:13.780Z"
"102","245","skipped","16","Abnormal course conditions","Identifying Immovable Obstructions","output\016_001_Identifying_Immovable_Obstructions","output\016_001_Identifying_Immovable_Obstructions\junior-version.json","0.00","","2026-06-26T19:53:13.783Z"
"103","245","skipped","R16","Double green","Relief from wrong hole on a double green","output\016_001_Relief_from_wrong_hole_on_a_double_green","output\016_001_Relief_from_wrong_hole_on_a_double_green\junior-version.json","0.00","","2026-06-26T19:53:13.786Z"
"104","245","skipped","R16","Puddles and other abnormal course conditions","Taking relief from a puddle or abnormal course condition","output\016_001_Taking_relief_from_a_puddle_or_abnormal_course_condition","output\016_001_Taking_relief_from_a_puddle_or_abnormal_course_condition\junior-version.json","0.00","","2026-06-26T19:53:13.789Z"
"105","245","skipped","R16","Abnormal course conditions","Taking relief from abnormal course conditions in a bunker","output\016_001_Taking_relief_from_abnormal_course_conditions_in_a_bunker","output\016_001_Taking_relief_from_abnormal_course_conditions_in_a_bunker\junior-version.json","0.00","","2026-06-26T19:53:13.791Z"
"106","245","skipped","R16","Abnormal course conditions","Dropping outside a bunker due to abnormal conditions","output\016_002_Dropping_outside_a_bunker_due_to_abnormal_conditions","output\016_002_Dropping_outside_a_bunker_due_to_abnormal_conditions\junior-version.json","0.00","","2026-06-26T19:53:13.796Z"
"107","245","skipped","16","Abnormal course conditions","Free Relief from Temporary Water","output\016_002_Free_Relief_from_Temporary_Water","output\016_002_Free_Relief_from_Temporary_Water\junior-version.json","0.00","","2026-06-26T19:53:13.798Z"
"108","245","skipped","R16","Sprinklers","Interference from a sprinkler near the green","output\016_002_Interference_from_a_sprinkler_near_the_green","output\016_002_Interference_from_a_sprinkler_near_the_green\junior-version.json","0.00","","2026-06-26T19:53:13.800Z"
"109","245","skipped","16","Embedded ball","Taking relief for an embedded ball","output\016_002_Taking_relief_for_an_embedded_ball","output\016_002_Taking_relief_for_an_embedded_ball\junior-version.json","0.00","","2026-06-26T19:53:13.802Z"
"110","245","skipped","R16","Abnormal course conditions","Animal holes and relief","output\016_003_Animal_holes_and_relief","output\016_003_Animal_holes_and_relief\junior-version.json","0.00","","2026-06-26T19:53:13.804Z"
"111","245","skipped","R16","Dangerous situation","Free drop near a dangerous animal","output\016_003_Free_drop_near_a_dangerous_animal","output\016_003_Free_drop_near_a_dangerous_animal\junior-version.json","0.00","","2026-06-26T19:53:13.806Z"
"112","245","skipped","16","Abnormal course conditions","Recognising Ground Under Repair","output\016_003_Recognising_Ground_Under_Repair","output\016_003_Recognising_Ground_Under_Repair\junior-version.json","0.00","","2026-06-26T19:53:13.808Z"
"113","245","skipped","R16","Embedded ball","Dealing with an embedded ball in a penalty area","output\016_004_Dealing_with_an_embedded_ball_in_a_penalty_area","output\016_004_Dealing_with_an_embedded_ball_in_a_penalty_area\junior-version.json","0.00","","2026-06-26T19:53:13.812Z"
"114","245","skipped","R16","Abnormal course conditions","If the bunker is completely flooded","output\016_004_If_the_bunker_is_completely_flooded","output\016_004_If_the_bunker_is_completely_flooded\junior-version.json","0.00","","2026-06-26T19:53:13.814Z"
"115","245","skipped","R16","Abnormal course conditions","Taking relief from obstructions in a penalty area","output\016_004_Taking_relief_from_obstructions_in_a_penalty_area","output\016_004_Taking_relief_from_obstructions_in_a_penalty_area\junior-version.json","0.00","","2026-06-26T19:53:13.816Z"
"116","245","skipped","16","Abnormal course conditions","What Kind of Animal Holes Give Free Relief?","output\016_004_What_Kind_of_Animal_Holes_Give_Free_Relief","output\016_004_What_Kind_of_Animal_Holes_Give_Free_Relief\junior-version.json","0.00","","2026-06-26T19:53:13.818Z"
"117","245","skipped","16","Abnormal course conditions","When Is Free Relief Allowed for Abnormal Course Conditions?","output\016_005_When_Is_Free_Relief_Allowed_for_Abnormal_Course_Conditions","output\016_005_When_Is_Free_Relief_Allowed_for_Abnormal_Course_Conditions\junior-version.json","0.00","","2026-06-26T19:53:13.820Z"
"118","245","skipped","17","Taking Relief from Abnormal Course Conditions","Choosing the Correct Relief Point","output\017_001_Choosing_the_Correct_Relief_Point","output\017_001_Choosing_the_Correct_Relief_Point\junior-version.json","0.00","","2026-06-26T19:53:13.822Z"
"119","245","skipped","17","Penalty Areas","Options After Hitting Into a Red Penalty Area","output\017_001_Options_After_Hitting_Into_a_Red_Penalty_Area","output\017_001_Options_After_Hitting_Into_a_Red_Penalty_Area\junior-version.json","0.01","","2026-06-26T19:53:13.830Z"
"120","245","skipped","R17","In a penalty area","Where does the penalty area begin?","output\017_001_Where_does_the_penalty_area_begin","output\017_001_Where_does_the_penalty_area_begin\junior-version.json","0.00","","2026-06-26T19:53:13.832Z"
"121","245","skipped","17","Penalty area rule","Where to drop after yellow penalty area","output\017_001_Where_to_drop_after_yellow_penalty_area","output\017_001_Where_to_drop_after_yellow_penalty_area\junior-version.json","0.00","","2026-06-26T19:53:13.834Z"
"122","245","skipped","17","Taking Relief from Abnormal Course Conditions","Relief Location Choices","output\017_002_Relief_Location_Choices","output\017_002_Relief_Location_Choices\junior-version.json","0.00","","2026-06-26T19:53:13.836Z"
"123","245","skipped","17","Penalty area rule","Returning to previous spot after water hazard","output\017_002_Returning_to_previous_spot_after_water_hazard","output\017_002_Returning_to_previous_spot_after_water_hazard\junior-version.json","0.00","","2026-06-26T19:53:13.838Z"
"124","245","skipped","R17","Penalty area – Ball lost or not out","What happens if you hit your ball into the water again from a penalty area?","output\017_002_What_happens_if_you_hit_your_ball_into_the_water_again_from_a_penalty_area","output\017_002_What_happens_if_you_hit_your_ball_into_the_water_again_from_a_penalty_area\junior-version.json","0.00","","2026-06-26T19:53:13.842Z"
"125","245","skipped","17","Penalty Areas","What Should You Do After Losing a Ball in a Red Penalty Area?","output\017_002_What_Should_You_Do_After_Losing_a_Ball_in_a_Red_Penalty_Area","output\017_002_What_Should_You_Do_After_Losing_a_Ball_in_a_Red_Penalty_Area\junior-version.json","0.00","","2026-06-26T19:53:13.844Z"
"126","245","skipped","R17","Penalty area – Ball out of bounds or lost","Ball from penalty area goes out of bounds","output\017_003_Ball_from_penalty_area_goes_out_of_bounds","output\017_003_Ball_from_penalty_area_goes_out_of_bounds\junior-version.json","0.00","","2026-06-26T19:53:13.845Z"
"127","245","skipped","17","Penalty Areas","Knowing When Local Rules Offer Extra Options","output\017_003_Knowing_When_Local_Rules_Offer_Extra_Options","output\017_003_Knowing_When_Local_Rules_Offer_Extra_Options\junior-version.json","0.00","","2026-06-26T19:53:13.847Z"
"128","245","skipped","R17","In a penalty area","Options for playing from a penalty area","output\017_003_Options_for_playing_from_a_penalty_area","output\017_003_Options_for_playing_from_a_penalty_area\junior-version.json","0.00","","2026-06-26T19:53:13.849Z"
"129","245","skipped","17","Penalty area rule","Options when your ball is in a yellow penalty area","output\017_003_Options_when_your_ball_is_in_a_yellow_penalty_area","output\017_003_Options_when_your_ball_is_in_a_yellow_penalty_area\junior-version.json","0.00","","2026-06-26T19:53:13.851Z"
"130","245","skipped","17","Taking Relief from Abnormal Course Conditions","What if the nearest point is in a bad lie?","output\017_003_What_if_the_nearest_point_is_in_a_bad_lie","output\017_003_What_if_the_nearest_point_is_in_a_bad_lie\junior-version.json","0.00","","2026-06-26T19:53:13.853Z"
"131","245","skipped","17","Taking Relief from Abnormal Course Conditions","No Play Zones in Relief Situations","output\017_004_No_Play_Zones_in_Relief_Situations","output\017_004_No_Play_Zones_in_Relief_Situations\junior-version.json","0.00","","2026-06-26T19:53:13.858Z"
"132","245","skipped","R18","Provisional Balls","Playing a second ball without announcing it as provisional","output\018_001_Playing_a_second_ball_without_announcing_it_as_provisional","output\018_001_Playing_a_second_ball_without_announcing_it_as_provisional\junior-version.json","0.00","","2026-06-26T19:53:13.860Z"
"133","245","skipped","R18","Provisional Ball","What happens if you find your original ball on the course?","output\018_001_What_happens_if_you_find_your_original_ball_on_the_course","output\018_001_What_happens_if_you_find_your_original_ball_on_the_course\junior-version.json","0.00","","2026-06-26T19:53:13.862Z"
"134","245","skipped","R18","Out of bounds and provisional ball","When is a ball out of bounds?","output\018_001_When_is_a_ball_out_of_bounds","output\018_001_When_is_a_ball_out_of_bounds\junior-version.json","0.00","","2026-06-26T19:53:13.865Z"
"135","245","skipped","R18","Lost ball","What counts as a lost ball?","output\018_002_What_counts_as_a_lost_ball","output\018_002_What_counts_as_a_lost_ball\junior-version.json","0.00","","2026-06-26T19:53:13.866Z"
"136","245","skipped","R18","Out of bounds and provisional ball","What do you have to do if your ball is out of bounds?","output\018_002_What_do_you_have_to_do_if_your_ball_is_out_of_bounds","output\018_002_What_do_you_have_to_do_if_your_ball_is_out_of_bounds\junior-version.json","0.00","","2026-06-26T19:53:13.869Z"
"137","245","skipped","R18","Provisional Balls","What if the provisional ball is in a better spot?","output\018_002_What_if_the_provisional_ball_is_in_a_better_spot","output\018_002_What_if_the_provisional_ball_is_in_a_better_spot\junior-version.json","0.00","","2026-06-26T19:53:13.870Z"
"138","245","skipped","R18","Provisional/lost ball","How and when to play a provisional ball","output\018_003_How_and_when_to_play_a_provisional_ball","output\018_003_How_and_when_to_play_a_provisional_ball\junior-version.json","0.00","","2026-06-26T19:53:13.874Z"
"139","245","skipped","R18","Provisional Balls","Provisional ball played past where the original ball is believed to be","output\018_003_Provisional_ball_played_past_where_the_original_ball_is_believed_to_be","output\018_003_Provisional_ball_played_past_where_the_original_ball_is_believed_to_be\junior-version.json","0.00","","2026-06-26T19:53:13.876Z"
"140","245","skipped","R18","Out of bounds and provisional ball","What happens to your provisional ball?","output\018_003_What_happens_to_your_provisional_ball","output\018_003_What_happens_to_your_provisional_ball\junior-version.json","0.00","","2026-06-26T19:53:13.878Z"
"141","245","skipped","R18","Provisional Ball","What if your original ball is out of bounds or not found?","output\018_003_What_if_your_original_ball_is_out_of_bounds_or_not_found","output\018_003_What_if_your_original_ball_is_out_of_bounds_or_not_found\junior-version.json","0.00","","2026-06-26T19:53:13.880Z"
"142","245","skipped","18","Playing a provisional ball","When to play a provisional ball","output\018_003_When_to_play_a_provisional_ball","output\018_003_When_to_play_a_provisional_ball\junior-version.json","0.00","","2026-06-26T19:53:13.882Z"
"143","245","skipped","R18","Provisional/lost ball","Can you play a provisional ball if your ball is in a penalty area?","output\018_004_Can_you_play_a_provisional_ball_if_your_ball_is_in_a_penalty_area","output\018_004_Can_you_play_a_provisional_ball_if_your_ball_is_in_a_penalty_area\junior-version.json","0.00","","2026-06-26T19:53:13.885Z"
"144","245","skipped","18","Playing a provisional ball","Provisional ball and penalty areas","output\018_004_Provisional_ball_and_penalty_areas","output\018_004_Provisional_ball_and_penalty_areas\junior-version.json","0.00","","2026-06-26T19:53:13.889Z"
"145","245","skipped","R19","Unplayable ball","Who decides if a ball is unplayable?","output\019_001_Who_decides_if_a_ball_is_unplayable","output\019_001_Who_decides_if_a_ball_is_unplayable\junior-version.json","0.00","","2026-06-26T19:53:13.891Z"
"146","245","skipped","R19","Unplayable ball","Declaring a Ball Unplayable in a Bunker","output\019_002_Declaring_a_Ball_Unplayable_in_a_Bunker","output\019_002_Declaring_a_Ball_Unplayable_in_a_Bunker\junior-version.json","0.00","","2026-06-26T19:53:13.894Z"
"147","245","skipped","R19","Unplayable ball","What are your options for an unplayable ball?","output\019_002_What_are_your_options_for_an_unplayable_ball","output\019_002_What_are_your_options_for_an_unplayable_ball\junior-version.json","0.00","","2026-06-26T19:53:13.896Z"
"148","245","skipped","R19","Unplayable ball","Options for an Unplayable Ball in a Bunker","output\019_003_Options_for_an_Unplayable_Ball_in_a_Bunker","output\019_003_Options_for_an_Unplayable_Ball_in_a_Bunker\junior-version.json","0.00","","2026-06-26T19:53:13.899Z"
"149","245","skipped","R19","Unplayable ball","What if your dropped ball ends up back in the same spot?","output\019_003_What_if_your_dropped_ball_ends_up_back_in_the_same_spot","output\019_003_What_if_your_dropped_ball_ends_up_back_in_the_same_spot\junior-version.json","0.00","","2026-06-26T19:53:13.900Z"
"150","245","skipped","R19","Unplayable ball","Dropping After Returning to Last Stroke Location","output\019_004_Dropping_After_Returning_to_Last_Stroke_Location","output\019_004_Dropping_After_Returning_to_Last_Stroke_Location\junior-version.json","0.00","","2026-06-26T19:53:13.904Z"
"151","245","skipped","R19","Unplayable lie","Declaring a ball unplayable in a penalty area","output\019_005_Declaring_a_ball_unplayable_in_a_penalty_area","output\019_005_Declaring_a_ball_unplayable_in_a_penalty_area\junior-version.json","0.00","","2026-06-26T19:53:13.908Z"
"152","245","skipped","20","When in doubt about the rules","What should you do if you’re unsure which rule applies (stroke play)?","output\020_003_What_should_you_do_if_youre_unsure_which_rule_applies_stroke_play","output\020_003_What_should_you_do_if_youre_unsure_which_rule_applies_stroke_play\junior-version.json","0.00","","2026-06-26T19:53:13.910Z"
"153","245","skipped","20","When in doubt about the rules","Is playing two balls allowed in match play?","output\020_004_Is_playing_two_balls_allowed_in_match_play","output\020_004_Is_playing_two_balls_allowed_in_match_play\junior-version.json","0.00","","2026-06-26T19:53:13.914Z"
"154","245","skipped","R3/9","Putt conceded/ball not holed","Conceding putts in stroke play","output\039_002_Conceding_putts_in_stroke_play","output\039_002_Conceding_putts_in_stroke_play\junior-version.json","0.00","","2026-06-26T19:53:13.916Z"
"155","245","skipped","R8/9","Do not break anything off or bend anything out of the way","Moving or bending grass before your shot","output\089_001_Moving_or_bending_grass_before_your_shot","output\089_001_Moving_or_bending_grass_before_your_shot\junior-version.json","0.00","","2026-06-26T19:53:13.919Z"
"156","245","skipped","R8/9","Do not break anything off or bend anything out of the way","Penalty for breaking off branches during a practice swing","output\089_002_Penalty_for_breaking_off_branches_during_a_practice_swing","output\089_002_Penalty_for_breaking_off_branches_during_a_practice_swing\junior-version.json","0.00","","2026-06-26T19:53:13.922Z"
"157","245","skipped","R11/13","Ball hits the flagstick or the person tending it","Flagstick Hit Accidentally – What Happens?","output\1113_002_Flagstick_Hit_Accidentally_What_Happens","output\1113_002_Flagstick_Hit_Accidentally_What_Happens\junior-version.json","0.00","","2026-06-26T19:53:13.924Z"
"158","245","skipped","R11/13","Ball hits the flagstick or the person tending it","Flagstick Used To Stop The Ball – What's The Penalty?","output\1113_003_Flagstick_Used_To_Stop_The_Ball_Whats_The_Penalty","output\1113_003_Flagstick_Used_To_Stop_The_Ball_Whats_The_Penalty\junior-version.json","0.00","","2026-06-26T19:53:13.926Z"
"159","245","skipped","R12/14/18","Ball hit out of bounds/lost ball","What to Do if Ball is Lost or Out of Bounds From Bunker","output\121418_004_What_to_Do_if_Ball_is_Lost_or_Out_of_Bounds_From_Bunker","output\121418_004_What_to_Do_if_Ball_is_Lost_or_Out_of_Bounds_From_Bunker\junior-version.json","0.00","","2026-06-26T19:53:13.929Z"
"160","245","skipped","R13/14","Marking and picking up the ball","How to mark your ball on the green","output\1314_004_How_to_mark_your_ball_on_the_green","output\1314_004_How_to_mark_your_ball_on_the_green\junior-version.json","0.00","","2026-06-26T19:53:13.931Z"
"161","245","skipped","R14/15","Balls close to each other","What to do when two balls are too close together","output\1415_001_What_to_do_when_two_balls_are_too_close_together","output\1415_001_What_to_do_when_two_balls_are_too_close_together\junior-version.json","0.00","","2026-06-26T19:53:13.936Z"
"162","245","skipped","14/15","Balls close to each other","What to do when two balls are very close together","output\1415_001_What_to_do_when_two_balls_are_very_close_together","output\1415_001_What_to_do_when_two_balls_are_very_close_together\junior-version.json","0.00","","2026-06-26T19:53:13.939Z"
"163","245","skipped","Def./R14/18","Looking for a ball","Time to look for a lost ball","output\1418_002_Time_to_look_for_a_lost_ball","output\1418_002_Time_to_look_for_a_lost_ball\junior-version.json","0.00","","2026-06-26T19:53:13.941Z"
"164","245","skipped","16/18","Player out of bounds but ball on the course","Standing out of bounds to play a ball","output\1618_001_Standing_out_of_bounds_to_play_a_ball","output\1618_001_Standing_out_of_bounds_to_play_a_ball\junior-version.json","0.00","","2026-06-26T19:53:13.944Z"
"165","245","skipped","16/18","Player out of bounds but ball on the course","Relief from movable obstructions outside the course","output\1618_002_Relief_from_movable_obstructions_outside_the_course","output\1618_002_Relief_from_movable_obstructions_outside_the_course\junior-version.json","0.00","","2026-06-26T19:53:13.947Z"
"166","245","skipped","R17/18","In a penalty area","Ball possibly in a penalty area","output\1718_002_Ball_possibly_in_a_penalty_area","output\1718_002_Ball_possibly_in_a_penalty_area\junior-version.json","0.00","","2026-06-26T19:53:13.952Z"
"167","245","skipped","R18/19","Provisional Ball / Unplayable Ball","Original ball found but is unplayable","output\1819_002_Original_ball_found_but_is_unplayable","output\1819_002_Original_ball_found_but_is_unplayable\junior-version.json","0.00","","2026-06-26T19:53:13.953Z"
"168","245","skipped","R3/21","Holing out and conceding","What must you do with your ball on each hole?","output\321_002_What_must_you_do_with_your_ball_on_each_hole","output\321_002_What_must_you_do_with_your_ball_on_each_hole\junior-version.json","0.00","","2026-06-26T19:53:13.955Z"
"169","245","skipped","R6/14","Substituting the ball","When can you change your golf ball?","output\614_003_When_can_you_change_your_golf_ball","output\614_003_When_can_you_change_your_golf_ball\junior-version.json","0.00","","2026-06-26T19:53:13.958Z"
"170","245","skipped","R6/8/15","Relief","What can you do on the tee?","output\6815_003_What_can_you_do_on_the_tee","output\6815_003_What_can_you_do_on_the_tee\junior-version.json","0.00","","2026-06-26T19:53:13.961Z"
"171","245","skipped","6/8/9","Playing the ball as it lies","What should you do if you find your ball in a tricky spot?","output\689_001_What_should_you_do_if_you_find_your_ball_in_a_tricky_spot","output\689_001_What_should_you_do_if_you_find_your_ball_in_a_tricky_spot\junior-version.json","0.00","","2026-06-26T19:53:13.964Z"
"172","245","skipped","6/8/9","Playing the ball as it lies","When must you NOT play the ball as it lies?","output\689_002_When_must_you_NOT_play_the_ball_as_it_lies","output\689_002_When_must_you_NOT_play_the_ball_as_it_lies\junior-version.json","0.00","","2026-06-26T19:53:13.967Z"
"173","245","skipped","R7/14","Identifying the ball","How do you check if a ball in a bunker is yours?","output\714_003_How_do_you_check_if_a_ball_in_a_bunker_is_yours","output\714_003_How_do_you_check_if_a_ball_in_a_bunker_is_yours\junior-version.json","0.00","","2026-06-26T19:53:13.969Z"
"174","245","skipped","R7/14","Identifying the ball","Identifying your ball","output\714_004_Identifying_your_ball","output\714_004_Identifying_your_ball\junior-version.json","0.00","","2026-06-26T19:53:13.971Z"
"175","245","skipped","R8/12","Ball rolls into your own footprints","Ball Rolls Back Into Your Footprints in Bunker","output\812_002_Ball_Rolls_Back_Into_Your_Footprints_in_Bunker","output\812_002_Ball_Rolls_Back_Into_Your_Footprints_in_Bunker\junior-version.json","0.00","","2026-06-26T19:53:13.975Z"
"176","245","skipped","R8/9/17","Playing the ball as it lies","Playing a ball in a penalty area","output\8917_002_Playing_a_ball_in_a_penalty_area","output\8917_002_Playing_a_ball_in_a_penalty_area\junior-version.json","0.00","","2026-06-26T19:53:13.977Z"
"177","245","skipped","R9/14","Ball at rest moved by an outside influence","What to do if your ball is moved by an animal","output\914_001_What_to_do_if_your_ball_is_moved_by_an_animal","output\914_001_What_to_do_if_your_ball_is_moved_by_an_animal\junior-version.json","0.00","","2026-06-26T19:53:13.982Z"
"178","245","skipped","13.1e","No Deliberate Testing of Greens","Cleaning Mud Off a Ball Using the Putting Green Surface","output\ai_001_Cleaning_Mud_Off_a_Ball_Using_the_Putting_Green_Surface","output\ai_001_Cleaning_Mud_Off_a_Ball_Using_the_Putting_Green_Surface\junior-version.json","0.00","","2026-06-26T19:53:13.984Z"
"179","245","skipped","18.2a(1)","When Ball Is Lost","Can you declare your ball lost?","output\ai_002_Can_you_declare_your_ball_lost","output\ai_002_Can_you_declare_your_ball_lost\junior-version.json","0.00","","2026-06-26T19:53:13.987Z"
"180","245","skipped","8.1a","Actions That Improve Conditions Affecting the Stroke","Can You Remove an Out of Bounds Post?","output\ai_003_Can_You_Remove_an_Out_of_Bounds_Post","output\ai_003_Can_You_Remove_an_Out_of_Bounds_Post\junior-version.json","0.00","","2026-06-26T19:53:13.990Z"
"181","245","skipped","12.2b","Restrictions on Touching Sand in Bunker","Accidentally Touching the Sand in a Bunker","output\ai_004_Accidentally_Touching_the_Sand_in_a_Bunker","output\ai_004_Accidentally_Touching_the_Sand_in_a_Bunker\junior-version.json","0.00","","2026-06-26T19:53:13.991Z"
"182","245","skipped","10.1a","Fairly Striking the Ball","Accidental Double Hit During Stroke","output\ai_005_Accidental_Double_Hit_During_Stroke","output\ai_005_Accidental_Double_Hit_During_Stroke\junior-version.json","0.00","","2026-06-26T19:53:13.997Z"
"183","245","skipped","13.3a","Ball Overhanging Hole","Waiting Time When Ball Is Hanging on the Edge of the Hole","output\ai_006_Waiting_Time_When_Ball_Is_Hanging_on_the_Edge_of_the_Hole","output\ai_006_Waiting_Time_When_Ball_Is_Hanging_on_the_Edge_of_the_Hole\junior-version.json","0.00","","2026-06-26T19:53:14.000Z"
"184","245","skipped","18.2a(1)","Ball Lost or Out of Bounds: Stroke-and-Distance Relief","How Long May You Search for a Ball?","output\ai_007_How_Long_May_You_Search_for_a_Ball","output\ai_007_How_Long_May_You_Search_for_a_Ball\junior-version.json","0.00","","2026-06-26T19:53:14.003Z"
"185","245","skipped","10.2b(3)","No Setting Down Object to Help with Taking Stance","Can You Use a Club to Line Up Your Stance?","output\ai_008_Can_You_Use_a_Club_to_Line_Up_Your_Stance","output\ai_008_Can_You_Use_a_Club_to_Line_Up_Your_Stance\junior-version.json","0.00","","2026-06-26T19:53:14.005Z"
"186","245","skipped","9.4","Ball Lifted or Deliberately Touched by Player","Can You Clean Your Ball on the Fairway?","output\ai_009_Can_You_Clean_Your_Ball_on_the_Fairway","output\ai_009_Can_You_Clean_Your_Ball_on_the_Fairway\junior-version.json","0.00","","2026-06-26T19:53:14.008Z"
"187","245","skipped","8.1a","Actions That Improve Conditions Affecting the Stroke","Is it Allowed to Remove Dew or Frost from Your Line of Play?","output\ai_010_Is_it_Allowed_to_Remove_Dew_or_Frost_from_Your_Line_of_Play","output\ai_010_Is_it_Allowed_to_Remove_Dew_or_Frost_from_Your_Line_of_Play\junior-version.json","0.00","","2026-06-26T19:53:14.012Z"
"188","245","skipped","15.2a","Relief from Movable Obstructions","Can You Remove a Rake Before Playing?","output\ai_011_Can_You_Remove_a_Rake_Before_Playing","output\ai_011_Can_You_Remove_a_Rake_Before_Playing\junior-version.json","0.00","","2026-06-26T19:53:14.015Z"
"189","245","skipped","15.2a(1), 14.2e","Movable Obstructions; Replacing Ball on Spot","Ball Moves When Removing a Movable Obstruction in a Bunker","output\ai_012_Ball_Moves_When_Removing_a_Movable_Obstruction_in_a_Bunker","output\ai_012_Ball_Moves_When_Removing_a_Movable_Obstruction_in_a_Bunker\junior-version.json","0.00","","2026-06-26T19:53:14.017Z"
"190","245","skipped","14.1a","Marking, Lifting and Cleaning Ball","Can You Use a Stone to Mark Your Ball?","output\ai_013_Can_You_Use_a_Stone_to_Mark_Your_Ball","output\ai_013_Can_You_Use_a_Stone_to_Mark_Your_Ball\junior-version.json","0.00","","2026-06-26T19:53:14.020Z"
"191","245","skipped","13.1c(2)","Repairs Allowed on Putting Green","Repairing a Pitch Mark When Ball is Off the Green","output\ai_014_Repairing_a_Pitch_Mark_When_Ball_is_Off_the_Green","output\ai_014_Repairing_a_Pitch_Mark_When_Ball_is_Off_the_Green\junior-version.json","0.00","","2026-06-26T19:53:14.022Z"
"192","245","skipped","13.1c & 8.1a","Improvements Allowed on the Putting Green; Actions That Improve Conditions Affecting the Stroke","Removing Loose Sand on the Fringe","output\ai_015_Removing_Loose_Sand_on_the_Fringe","output\ai_015_Removing_Loose_Sand_on_the_Fringe\junior-version.json","0.00","","2026-06-26T19:53:14.025Z"
"193","245","skipped","13.1c","Actions Allowed on Putting Green","Removing Sand from the Putting Green","output\ai_016_Removing_Sand_from_the_Putting_Green","output\ai_016_Removing_Sand_from_the_Putting_Green\junior-version.json","0.00","","2026-06-26T19:53:14.029Z"
"194","245","skipped","18.2a(1)","Lost Ball","Lost Ball in a Pile of Leaves","output\ai_017_Lost_Ball_in_a_Pile_of_Leaves","output\ai_017_Lost_Ball_in_a_Pile_of_Leaves\junior-version.json","0.00","","2026-06-26T19:53:14.031Z"
"195","245","skipped","8.1a","Actions That Improve Conditions Affecting the Stroke","Can You Break a Branch to Make Your Swing Easier?","output\ai_018_Can_You_Break_a_Branch_to_Make_Your_Swing_Easier","output\ai_018_Can_You_Break_a_Branch_to_Make_Your_Swing_Easier\junior-version.json","0.00","","2026-06-26T19:53:14.035Z"
"196","245","skipped","7.4","Ball Accidentally Moved in Trying to Find or Identify It","Ball Accidentally Moved While Searching in Rough","output\ai_019_Ball_Accidentally_Moved_While_Searching_in_Rough","output\ai_019_Ball_Accidentally_Moved_While_Searching_in_Rough\junior-version.json","0.00","","2026-06-26T19:53:14.038Z"
"197","245","skipped","6.4a","Order of Play in Match Play","Opponent Plays Out of Turn","output\ai_020_Opponent_Plays_Out_of_Turn","output\ai_020_Opponent_Plays_Out_of_Turn\junior-version.json","0.00","","2026-06-26T19:53:14.043Z"
"198","245","skipped","6.4a","Order of Play in Match Play","Your Opponent Plays Out of Turn – What Are Your Options?","output\ai_021_Your_Opponent_Plays_Out_of_Turn_What_Are_Your_Options","output\ai_021_Your_Opponent_Plays_Out_of_Turn_What_Are_Your_Options\junior-version.json","0.00","","2026-06-26T19:53:14.045Z"
"199","245","skipped","18.3b","Announcing a Provisional Ball","Forgetting to Announce a Provisional Ball","output\ai_022_Forgetting_to_Announce_a_Provisional_Ball","output\ai_022_Forgetting_to_Announce_a_Provisional_Ball\junior-version.json","0.00","","2026-06-26T19:53:14.048Z"
"200","245","skipped","17.1d","Relief for Ball in Penalty Area","No Room to Drop from a Yellow Penalty Area","output\ai_023_No_Room_to_Drop_from_a_Yellow_Penalty_Area","output\ai_023_No_Room_to_Drop_from_a_Yellow_Penalty_Area\junior-version.json","0.00","","2026-06-26T19:53:14.052Z"
"201","245","skipped","9.1","Ball Played as It Lies; Ball at Rest Lifted or Moved","Ball in a Fairway Divot: Free Relief?","output\ai_024_Ball_in_a_Fairway_Divot_Free_Relief","output\ai_024_Ball_in_a_Fairway_Divot_Free_Relief\junior-version.json","0.00","","2026-06-26T19:53:14.054Z"
"202","245","skipped","15.2a","Movable Obstructions","Ball Next to a Movable Bench","output\ai_025_Ball_Next_to_a_Movable_Bench","output\ai_025_Ball_Next_to_a_Movable_Bench\junior-version.json","0.00","","2026-06-26T19:53:14.060Z"
"203","245","skipped","16.1","Relief from Abnormal Course Conditions (Immovable Obstructions)","Relief from a Fixed Litter Bin Interfering with Your Swing","output\ai_026_Relief_from_a_Fixed_Litter_Bin_Interfering_with_Your_Swing","output\ai_026_Relief_from_a_Fixed_Litter_Bin_Interfering_with_Your_Swing\junior-version.json","0.00","","2026-06-26T19:53:14.064Z"
"204","245","skipped","19.1","Relief for an Unplayable Ball","Ball Stuck in a Tree - What Are Your Options?","output\ai_027_Ball_Stuck_in_a_Tree_What_Are_Your_Options","output\ai_027_Ball_Stuck_in_a_Tree_What_Are_Your_Options\junior-version.json","0.00","","2026-06-26T19:53:14.068Z"
"205","245","skipped","15.2a(1)","Relief from a Movable Obstruction","Ball Resting on a Towel","output\ai_028_Ball_Resting_on_a_Towel","output\ai_028_Ball_Resting_on_a_Towel\junior-version.json","0.00","","2026-06-26T19:53:14.075Z"
"206","245","skipped","Model Local Rule E-11, Rule 11.1","Ball Played from Anywhere Other Than Putting Green Strikes Power Line; Ball in Motion Accidentally Hits Person, Animal or Object","Ball Strikes Overhead Power Line","output\ai_029_Ball_Strikes_Overhead_Power_Line","output\ai_029_Ball_Strikes_Overhead_Power_Line\junior-version.json","0.00","","2026-06-26T19:53:14.080Z"
"207","245","skipped","16.1f","Relief Must Be Taken from Interference by No Play Zone","Ball in a No Play Zone (Practice Area)","output\ai_030_Ball_in_a_No_Play_Zone_Practice_Area","output\ai_030_Ball_in_a_No_Play_Zone_Practice_Area\junior-version.json","0.00","","2026-06-26T19:53:14.086Z"
"208","245","skipped","16.2","Dangerous Animal Condition","Ball Next to a Swarm of Bees – Dangerous Animal Condition Relief","output\ai_031_Ball_Next_to_a_Swarm_of_Bees_Dangerous_Animal_Condition_Relief","output\ai_031_Ball_Next_to_a_Swarm_of_Bees_Dangerous_Animal_Condition_Relief\junior-version.json","0.02","","2026-06-26T19:53:14.111Z"
"209","245","skipped","15.2a & 16.1","Movable and Immovable Obstructions","Ball Under a Parked Car","output\ai_032_Ball_Under_a_Parked_Car","output\ai_032_Ball_Under_a_Parked_Car\junior-version.json","0.00","","2026-06-26T19:53:14.115Z"
"210","245","skipped","8.1a","Actions That Improve Conditions Affecting the Stroke","Practice Swing in Long Rough – Improving Conditions Affecting the Stroke","output\ai_033_Practice_Swing_in_Long_Rough_Improving_Conditions_Affecting_the_Stroke","output\ai_033_Practice_Swing_in_Long_Rough_Improving_Conditions_Affecting_the_Stroke\junior-version.json","0.02","","2026-06-26T19:53:14.142Z"
"211","245","skipped","Rule 15.2a","Moving Loose Impediments and Movable Obstructions","Can You Move a Worm Before Playing?","output\ai_034_Can_You_Move_a_Worm_Before_Playing","output\ai_034_Can_You_Move_a_Worm_Before_Playing\junior-version.json","0.00","","2026-06-26T19:53:14.150Z"
"212","245","skipped","16.1","Relief from Abnormal Course Conditions","Ball in Tyre Tracks on Fairway","output\ai_035_Ball_in_Tyre_Tracks_on_Fairway","output\ai_035_Ball_in_Tyre_Tracks_on_Fairway\junior-version.json","0.01","","2026-06-26T19:53:14.162Z"
"213","245","skipped","3.2b","Concessions","Concession of a Stroke in Match Play","output\ai_036_Concession_of_a_Stroke_in_Match_Play","output\ai_036_Concession_of_a_Stroke_in_Match_Play\junior-version.json","0.01","","2026-06-26T19:53:14.177Z"
"214","245","skipped","12.2b","Restrictions on Touching Sand in Bunker","Accidental Contact with Sand in Bunker during Backswing","output\ai_037_Accidental_Contact_with_Sand_in_Bunker_during_Backswing","output\ai_037_Accidental_Contact_with_Sand_in_Bunker_during_Backswing\junior-version.json","0.02","","2026-06-26T19:53:14.202Z"
"215","245","skipped","16.1","Relief from Abnormal Course Conditions (Including Immovable Obstructions)","Ball Under Water in Temporary Water on the Fairway","output\ai_038_Ball_Under_Water_in_Temporary_Water_on_the_Fairway","output\ai_038_Ball_Under_Water_in_Temporary_Water_on_the_Fairway\junior-version.json","0.01","","2026-06-26T19:53:14.212Z"
"216","245","skipped","9.4","Ball Lifted or Deliberately Touched by Player or Causes It to Move","Practice Swing Moves Your Ball","output\ai_039_Practice_Swing_Moves_Your_Ball","output\ai_039_Practice_Swing_Moves_Your_Ball\junior-version.json","0.01","","2026-06-26T19:53:14.219Z"
"217","245","skipped","6.2b(5)","Ball in Teeing Area Accidentally Falls Off Tee or Is Knocked Off Tee","Practice Swing Knocks Ball Off Tee","output\ai_040_Practice_Swing_Knocks_Ball_Off_Tee","output\ai_040_Practice_Swing_Knocks_Ball_Off_Tee\junior-version.json","0.01","","2026-06-26T19:53:14.230Z"
"218","245","skipped","9.4b","Ball Lifted or Moved by Player","Practice Swing Accidentally Moves Ball in the Fairway","output\ai_041_Practice_Swing_Accidentally_Moves_Ball_in_the_Fairway","output\ai_041_Practice_Swing_Accidentally_Moves_Ball_in_the_Fairway\junior-version.json","0.01","","2026-06-26T19:53:14.238Z"
"219","245","skipped","13.1d(1)","Actions Affecting Ball on Putting Green","Practice Swing Moves Ball on Putting Green","output\ai_042_Practice_Swing_Moves_Ball_on_Putting_Green","output\ai_042_Practice_Swing_Moves_Ball_on_Putting_Green\junior-version.json","0.00","","2026-06-26T19:53:14.242Z"
"220","245","skipped","16.1","Abnormal Course Conditions – Immovable Obstructions","Ball on the Clubhouse Patio (Immovable Obstruction)","output\ai_043_Ball_on_the_Clubhouse_Patio_Immovable_Obstruction","output\ai_043_Ball_on_the_Clubhouse_Patio_Immovable_Obstruction\junior-version.json","0.01","","2026-06-26T19:53:14.253Z"
"221","245","skipped","16.1","Relief from Immovable Obstructions","Ball Resting on Clubhouse Patio","output\ai_044_Ball_Resting_on_Clubhouse_Patio","output\ai_044_Ball_Resting_on_Clubhouse_Patio\junior-version.json","0.00","","2026-06-26T19:53:14.255Z"
"222","245","skipped","4.2b","Ball Breaks into Pieces While Playing Hole","Ball Breaks in Half After Hitting Tree","output\ai_045_Ball_Breaks_in_Half_After_Hitting_Tree","output\ai_045_Ball_Breaks_in_Half_After_Hitting_Tree\junior-version.json","0.01","","2026-06-26T19:53:14.264Z"
"223","245","skipped","4.2c","Ball Becomes Cut or Cracked While Playing Hole","Damaged Ball During Play of Hole","output\ai_046_Damaged_Ball_During_Play_of_Hole","output\ai_046_Damaged_Ball_During_Play_of_Hole\junior-version.json","0.00","","2026-06-26T19:53:14.271Z"
"224","245","skipped","4.1a(3)","Deliberately Changing Club's Performance Characteristics During Round","Adjusting Your Driver During the Round","output\ai_047_Adjusting_Your_Driver_During_the_Round","output\ai_047_Adjusting_Your_Driver_During_the_Round\junior-version.json","0.00","","2026-06-26T19:53:14.279Z"
"225","245","skipped","4.1b","Limit of 14 Clubs During Round","Extra Club Never Used","output\ai_048_Extra_Club_Never_Used","output\ai_048_Extra_Club_Never_Used\junior-version.json","0.02","","2026-06-26T19:53:14.301Z"
"226","245","skipped","17.1d","Relief for Ball in Penalty Area","Lateral Relief from Yellow Penalty Area","output\ai_049_Lateral_Relief_from_Yellow_Penalty_Area","output\ai_049_Lateral_Relief_from_Yellow_Penalty_Area\junior-version.json","0.00","","2026-06-26T19:53:14.309Z"
"227","245","skipped","17.1c","Relief for Ball Not Found but Known or Virtually Certain to Be in Penalty Area","Ball Lost in Red Penalty Area","output\ai_050_Ball_Lost_in_Red_Penalty_Area","output\ai_050_Ball_Lost_in_Red_Penalty_Area\junior-version.json","0.00","","2026-06-26T19:53:14.315Z"
"228","245","skipped","Definition of Boundary Object","Boundary Objects","Ball Against a Boundary Fence","output\ai_051_Ball_Against_a_Boundary_Fence","output\ai_051_Ball_Against_a_Boundary_Fence\junior-version.json","0.01","","2026-06-26T19:53:14.327Z"
"229","245","skipped","15.2","Movable Obstructions","Trolley Exclusion Stake – Movable Obstruction","output\ai_052_Trolley_Exclusion_Stake_Movable_Obstruction","output\ai_052_Trolley_Exclusion_Stake_Movable_Obstruction\junior-version.json","0.00","","2026-06-26T19:53:14.330Z"
"230","245","skipped","6.3c","Wrong Ball","Another Player Accidentally Plays Your Ball","output\ai_053_Another_Player_Accidentally_Plays_Your_Ball","output\ai_053_Another_Player_Accidentally_Plays_Your_Ball\junior-version.json","0.00","","2026-06-26T19:53:14.335Z"
"231","245","skipped","16.1","Relief from Abnormal Course Conditions (Including Immovable Obstructions)","Sprinkler Head on Line of Play Off the Putting Green","output\ai_054_Sprinkler_Head_on_Line_of_Play_Off_the_Putting_Green","output\ai_054_Sprinkler_Head_on_Line_of_Play_Off_the_Putting_Green\junior-version.json","0.01","","2026-06-26T19:53:14.344Z"
"232","245","skipped","1.2a, 10.2","Standards of Player Conduct; Advice and Other Help","Opponent watching your putt","output\ai_055_Opponent_watching_your_putt","output\ai_055_Opponent_watching_your_putt\junior-version.json","0.00","","2026-06-26T19:53:14.349Z"
"233","245","skipped","Rule 14.7","Playing from Wrong Place","Forgetting to Move Ball Marker Back","output\ai_056_Forgetting_to_Move_Ball_Marker_Back","output\ai_056_Forgetting_to_Move_Ball_Marker_Back\junior-version.json","0.01","","2026-06-26T19:53:14.357Z"
"234","245","skipped","6.5","When a Hole Is Completed","Two Balls in the Hole – Which Counts?","output\ai_057_Two_Balls_in_the_Hole_Which_Counts","output\ai_057_Two_Balls_in_the_Hole_Which_Counts\junior-version.json","0.00","","2026-06-26T19:53:14.364Z"
"235","245","skipped","18.3c","Provisional Ball – Actions Before Original Ball Is Found or Lost","Playing a Provisional Ball Before Reaching the Original Ball's Likely Position","output\ai_058_Playing_a_Provisional_Ball_Before_Reaching_the_Original_Balls_Likely_Position","output\ai_058_Playing_a_Provisional_Ball_Before_Reaching_the_Original_Balls_Likely_Position\junior-version.json","0.01","","2026-06-26T19:53:14.373Z"
"236","245","skipped","9.3 & 9.6","Ball Moved by Natural Forces / Ball Stopped by Player’s Equipment","Ball Moved by Wind and Stopped by Measuring Club","output\ai_059_Ball_Moved_by_Wind_and_Stopped_by_Measuring_Club","output\ai_059_Ball_Moved_by_Wind_and_Stopped_by_Measuring_Club\junior-version.json","0.00","","2026-06-26T19:53:14.379Z"
"237","245","skipped","3.3b(4)","Certification of Hole Scores","What happens if you forget to sign your scorecard?","output\ai_060_What_happens_if_you_forget_to_sign_your_scorecard","output\ai_060_What_happens_if_you_forget_to_sign_your_scorecard\junior-version.json","0.00","","2026-06-26T19:53:14.384Z"
"238","245","skipped","6.4b","Order of Play in Stroke Play","Who plays first when one ball is on the green and another in a bunker closer to the hole?","output\ai_061_Who_plays_first_when_one_ball_is_on_the_green_and_another_in_a_bunker_closer_to_the_hole","output\ai_061_Who_plays_first_when_one_ball_is_on_the_green_and_another_in_a_bunker_closer_to_the_hole\junior-version.json","0.00","","2026-06-26T19:53:14.390Z"
"239","245","skipped","4.1a(2)","Clubs – Damage During Round","Driver Breaks During the Round","output\ai_062_Driver_Breaks_During_the_Round","output\ai_062_Driver_Breaks_During_the_Round\junior-version.json","0.00","","2026-06-26T19:53:14.397Z"
"240","245","skipped","4.1a(2)","Clubs Broken or Damaged During Round – Deliberately","Replacing a Club Broken in Anger","output\ai_063_Replacing_a_Club_Broken_in_Anger","output\ai_063_Replacing_a_Club_Broken_in_Anger\junior-version.json","0.00","","2026-06-26T19:53:14.403Z"
"241","245","skipped","16.1b","Relief from Abnormal Course Conditions (Including Immovable Obstructions)","How far from the nearest point of complete relief may you drop your ball from a cart path?","output\ai_064_How_far_from_the_nearest_point_of_complete_relief_may_you_drop_your_ball_from_a_cart_path","output\ai_064_How_far_from_the_nearest_point_of_complete_relief_may_you_drop_your_ball_from_a_cart_path\junior-version.json","0.00","","2026-06-26T19:53:14.407Z"
"242","245","skipped","17.1d(3)","Relief for Ball in Penalty Area","Lateral Relief from a Red Penalty Area","output\ai_065_Lateral_Relief_from_a_Red_Penalty_Area","output\ai_065_Lateral_Relief_from_a_Red_Penalty_Area\junior-version.json","0.02","","2026-06-26T19:53:14.431Z"
"243","245","skipped","19.2c","Unplayable Ball Relief – Lateral Relief","How far may you drop for lateral relief from an unplayable ball?","output\ai_066_How_far_may_you_drop_for_lateral_relief_from_an_unplayable_ball","output\ai_066_How_far_may_you_drop_for_lateral_relief_from_an_unplayable_ball\junior-version.json","0.00","","2026-06-26T19:53:14.436Z"
"244","245","skipped","16.3b","Embedded Ball Relief","How Far May You Drop for Embedded Ball Relief?","output\ai_067_How_Far_May_You_Drop_for_Embedded_Ball_Relief","output\ai_067_How_Far_May_You_Drop_for_Embedded_Ball_Relief\junior-version.json","0.00","","2026-06-26T19:53:14.441Z"
"245","245","skipped","17.1d","Relief Options for Ball in Penalty Area","Options for Relief from a Yellow Penalty Area","output\ai_068_Options_for_Relief_from_a_Yellow_Penalty_Area","output\ai_068_Options_for_Relief_from_a_Yellow_Penalty_Area\junior-version.json","0.00","","2026-06-26T19:53:14.445Z"