Venners_Code,Venners_Name,Venners_Size,Stock,Venners_Cost,Venners_Value,Stock_Id,Stock_Name,Suggested_Name
017651,PIMMS NO1,1000ml,0,16.01,36.82,52,Pimms No 1,Pimms No No 1 1000ml [017651]
019340,ARCHERS SCHNAPPS,1500ml,0,25.28,25.28,183,Archers Schnapps,Archers Schnapps 1500ml [019340]
021500,MARTINI DRY,1500ml,0,11.68,3.5,50,Martini Extra Dry,Martini Dry 1500ml [021500]
021540,MARTINI RED,1500ml,0,13.24,2.65,51,Martini Rosso,Martini Red 1500ml [021540]
071521,F/TREE AROMATIC,BOTTLE,0,8.36,3.34,219,Fever Tree Aromatic,Fever Tree Aromatic [071521]
071551,F/TREE GINGER ALE,BOTTLE,0,9.18,44.98,220,Fever Tree Ginger Ale,Fever Tree Ginger Ale [071551]
071595,F/TREE LIGHT TONIC,BOTTLE,0,8.25,36.3,151,Fever Tree Tonic Light,Fever Tree Light Tonic [071595]
071581,F/TREE TONIC,BOTTLE,0,8.25,56.1,152,Fever Tree Tonic Water,Fever Tree Tonic [071581]
019836,CURACAO BLUE DKY,350ml,0,10.15,8.12,284,De Kuyper Blue Curacao,Curacao Blue Dky 350ml [019836]
018081,AMARETTO,700ml,0,20.58,67.91,128,Amaretto,Amaretto 700ml [018081]
018091,AMARETTO WHITE,700ml,0,19.86,37.73,181,Amaretto White,Amaretto White 700ml [018091]
019837,APEROL,700ml,0,12,36,309,Aperol,Aperol 700ml [019837]
019341,ARCHERS PEACH SCH,700ml,0,14.22,14.22,23,Archers Peach,Archers Peach Schnapps 700ml [019341]
014041,AUCHENTOSHAN,700ml,0,23.48,14.09,177,Auchentoshan,Auchentoshan 700ml [014041]
011071,BACARDI,700ml,0,14.97,49.4,24,Bacardi,Bacardi 700ml [011071]
018151,BAILEYS IRISH CRM,700ml,0,15.89,60.38,25,Baileys Irish Cream,Baileys Irish Cream 700ml [018151]
013071,BELLS,700ml,0,17.39,83.47,26,Bells Scotch Whisky,Bells Scotch Whisky 700ml [013071]
018171,BENEDICTINE,700ml,0,15.42,13.88,27,Benedictine,Benedictine 700ml [018171]
012081,BOMBAY SAPPHIRE,700ml,0,20.41,8.16,28,Bombay Sapphire,Bombay Sapphire Gin 700ml [012081]
014091,BOWMORE 12YO,700ml,0,38.96,48.7,30,Bowmore Malt Whisky 12Year,Bowmore Malt Whisky 12yo 700ml [014091]
012101,BROCKMANS GIN,700ml,0,31.62,82.21,31,Brockmans Gin,Brockmans Gin 700ml [012101]
012116,BROOKLYN GIN,700ml,0,25.4,2.54,32,Brooklyn Gin,Brooklyn Gin 700ml [012116]
011201,CAPT MORGAN DARK,700ml,0,19.07,32.42,161,Captain Morgan Dark Rum,Captain Morgan Dark 700ml [011201]
010161,COURVOISIER VS,700ml,0,29.17,23.34,35,Courvoisier VS,Courvoisier Vs 700ml [010161]
029121,CRABBIES GINGER,700ml,0,8.69,6.08,8,Crabbies Ginger Beer,Crabbies Ginger Beer 700ml [029121]
011231,DEAD MAN PASSION,700ml,0,0,0,188,Dead Mans Fingers Passion Fruit Rum Bottle,Dead Man Passion Fruit Rum 700ml [011231]
018501,DRAMBUIE,700ml,0,29.92,50.86,37,Drambuie,Drambuie 700ml [018501]
013271,FAMOUS GROUSE,700ml,0,19.15,42.13,38,The Famous Grouse Scotch Whisky,Famous Grouse Scotch Whisky 700ml [013271]
012306,FOUR PILLARS GIN,700ml,0,17.24,6.9,277,Four Pillars Gin,Four Pillars Gin 700ml [012306]
014371,GLEN SCOTIA,700ml,0,10.95,7.67,178,Glen Scotia,Glen Scotia 700ml [014371]
014415,GLENLIVET FOUNDERS,700ml,0,57.4,132.02,179,Glenlivet Malt Whisky 12YO,Glenlivet Founders Malt Whisky 700ml [014415]
014431,GLENMORANGIE 10YR,700ml,0,33.15,39.78,39,Glenmorangie Malt Whisky 12YO,Glenmorangie Malt Whisky 10yr 700ml [014431]
012351,GORDONS,700ml,0,14.6,26.28,41,Gordons Special Dry,Gordons Special Dry Gin 700ml [012351]
012341,GORDONS 0%,700ml,0,11.28,13.54,159,Gordons Gin 0%,Gordons 0% Gin 700ml [012341]
012353,GORDONS CHERRY,700ml,0,17.24,10.34,164,Gordons Cherry Gin,Gordons Cherry Gin 700ml [012353]
012357,GORDONS LEMON,700ml,0,27.89,22.31,166,Gordons Lemon Gin,Gordons Lemon Gin 700ml [012357]
012355,GORDONS MED ORANGE,700ml,0,13.8,35.88,165,Gordons Med Orange Gin,Gordons Med Orange Gin 700ml [012355]
012359,GORDONS PEACH,700ml,0,17.24,24.14,167,Gordons White Peach Gin,Gordons Peach Gin 700ml [012359]
012361,GORDONS PINK,700ml,0,18.1,38.01,40,Gordons Pink Gin,Gordons Pink Gin 700ml [012361]
019834,GREY GOOSE VODKA,700ml,0,35.53,49.74,283,Grey Goose Vodka,Grey Goose Vodka 700ml [019834]
014455,HAIG CLUBMAN,700ml,0,25.65,5.13,43,Haig Club,Haig Clubman 700ml [014455]
012421,Hendricks Gin,700ml,0,0,0,44,Hendricks Gin,Hendricks Gin 700ml [012421]
015341,JACK DANIELS,700ml,0,19.25,59.68,45,Jack Daniels Tennessee,Jack Daniels Tennessee 700ml [015341]
018841,JAGERMEISTER,700ml,0,19.47,13.63,46,Jagermeister,Jagermeister 700ml [018841]
015361,JIM BEAM WHITE,700ml,0,12.99,9.09,48,Jim Beam,Jim Beam White 700ml [015361]
015721,Jameson,700ml,0,26.54,45.11,47,Jamesons Irish Whiskey,Jameson Irish Whiskey 700ml [015721]
018861,KAHLUA,700ml,0,15,52.5,182,Kahlua,Kahlua 700ml [018861]
011551,KRAKEN,700ml,0,27.92,97.72,160,Kraken Spiced Rum,Kraken Spiced Rum 700ml [011551]
011556,KRAKEN CHERRY,700ml,0,27.95,27.95,162,Kraken Cherry Rum,Kraken Cherry Rum 700ml [011556]
011559,KRAKEN COFFEE,700ml,0,21.21,4.24,163,Kraken Roast Coffee Rum,Kraken Coffee Rum 700ml [011559]
019051,Malibu Original,700ml,0,20.58,14.41,49,Malibu,Malibu Original 700ml [019051]
011581,Morgans Spiced,700ml,0,40,44,33,Captain Morgan Spiced Rum,Morgans Spiced Rum 700ml [011581]
012621,NELSONS GIN,700ml,0,24.57,17.2,264,Nelsons Gin,Nelsons Gin 700ml [012621]
999045,Patron Reposado Tequilla ,700ml,0,0,0,262,Patron Reposado Tequilla ,Patron Reposado Tequilla [999045]
012772,RED DOOR GIN FOC,700ml,0,0,0,281,Red Door Gin,Redbull Door Gin 700ml [012772]
012807,RUGBY GIN FOC,700ml,0,0,0,282,Rugby Gin,Rugby Gin 700ml [012807]
999047,Rhubarb Gin,700ml,0,0,0,55,Rhubarb Gin,Rhubarb Gin 700ml [999047]
019513,SAMBUCA ANTICA,700ml,0,14.87,29.74,79,Sambuca Antica,Sambuca Antica 700ml [019513]
019835,SMIRNOFF PEACH,700ml,0,18.25,14.6,307,Smirnoff Miami Peach Vodka 70cl,Smirnoff Miami Peach Vodka 700ml [019835]
016801,SMIRNOFF RED,700ml,0,17.5,33.25,57,Smirnoff Red Label Vodka,Smirnoff Red Label Vodka 700ml [016801]
015501,SOUTHERN COMFORT,700ml,0,20.65,76.41,58,Southern Comfort,Southern Comfort 700ml [015501]
999053,Sherry,700ml,0,0,0,56,Sherry,Sherry 700ml [999053]
014841,TALISKER,700ml,0,39.38,100.42,59,Talisker Malt Whisky 10YO,Talisker Malt Whisky 700ml [014841]
019697,TEQ DEAD MAN RASP,700ml,0,0,0,186,Dead Man Fingers Blue Raspberry Rum,Dead Mans Finger Blue Raspberry 700ml [019697]
019785,TEQ PATRON SILVER,700ml,0,0,0,298,Patron Silver Tequilla ,Patron Silver Tequilla 700ml [019785]
019793,TEQ ROSE,700ml,0,13.49,26.98,187,Tequilla Rose,Tequilla Rose 700ml [019793]
010891,THREE BARRELS,700ml,0,20.53,40.03,263,Three Barrels,Three Barrels 700ml [010891]
999058,Tanqueray Gin,700ml,0,0,0,60,Tanqueray Gin,Tanqueray Gin 700ml [999058]
999059,Tanquery Seville,700ml,0,0,0,76,Tanquery Seville,Tanquery Seville 700ml [999059]
019831,Tia Maria,700ml,0,0,0,62,Tia Maria,Tia Maria 700ml [019831]
012931,W/NEIL APRICOT PINK,700ml,0,27.94,22.35,168,Whitley Neill Pink Apricot Gin,Whitley Neill Apricot Pink Gin 700ml [012931]
012950,W/NEIL B/ORANGE,700ml,0,17.49,36.73,171,Whitley Neill Blood Orange Gin,Whitley Neill Blood Orange Gin 700ml [012950]
012949,W/NEIL BLK CHERRY,700ml,0,18.33,53.16,170,Whitley Neill Black Cherry Gin,Whitley Neill Black Cherry Gein 700ml [012949]
012947,W/NEIL DIST CUT,700ml,0,17.49,20.99,169,Whitley Neill DC Gin,Whitley Neill Distilers Cut Gin 700ml [012947]
012953,W/NEIL GOOSEBERRY,700ml,0,22.84,4.57,172,Whitley Neill Gooseberry Gin,Whitley Neill Gooseberry 700ml [012953]
012954,W/NEIL PINEAPPLE,700ml,0,17.49,36.73,173,Whitley Neil Pineapple Gin,Whitley Neill Pineapple Gin 700ml [012954]
012955,W/NEIL PINK GRAPE,700ml,0,17.49,5.25,174,Whitley Neill Pink Grape Gin,Whitley Neill Pink Grape Gin 700ml [012955]
012957,W/NEIL RASPBERRY,700ml,0,22.84,67.38,175,Whitley Neill Raspberry Gin,Whitley Neill Raspberry Gin 700ml [012957]
012959,W/NEIL RHUBARB,700ml,0,19.06,17.15,176,Whitley Neill Rhubarb Gin,Whitley Neill Rhubarb Gin 700ml [012959]
012941,WHITNEY NEIL GIN,700ml,0,17.49,1.75,63,Whitley Neill Gin,Whitley Neill Gin 700ml [012941]
019832,WRAY & NEPHEW RUM,700ml,0,24.22,92.04,305,Wray & Nephew 70cl Bottle,Wray Nephew Rum 700ml [019832]
013951,Whyte & Mackay,700ml,0,21.37,47.01,123,Whyte & Mackay Whisky,Whyte Mackay Whisky 700ml [013951]
036521,Aotearoa Sauvignon Blanc 750ml Bottle,750ml,0,0,0,206,Aotearoa Sauvignon Blanc 750ml Bottle,Aotearoa Sauvignon Blanc 750ml [036521]
030221,BEAUJOLAIS VILLAGE BOT,750ml,0,8.29,58.03,121,Louis Jadot Beaujolais Villages 750ml Bottle,Beaujolais Village 750ml [030221]
025201,BRISTOL CREAM,750ml,0,10.47,3.14,129,Harveys Bristol Cream ,Bristol Cream 750ml [025201]
030421,CAB SAUV BROOKFORD BOT,750ml,0,6.1,36.6,192,Brookford Cabernet Sauv,Brookford Cabernet Sauvignon [030421]
038651,CAVA LACRIMA BOT,750ml,0,6.63,6.63,209,Cava Lacrima,Cava Lacrima 750ml [038651]
030511,CHARD BROOKFORD BOT,750ml,0,6.1,106.75,110,Brookford Chardonnay 750ml Bottle,Chardonnay Brookford 750ml [030511]
030551,CHARD MACON VILLAGE BOT,750ml,0,9.13,54.78,112,Rochebin Macon Chardonnay 750ml Bottle,Chardonnay Macon Village 750ml [030551]
030571,CHARD OUDE KAAP BOT,750ml,0,5.49,98.82,193,Oude Kaap Chardonnay 750ml Bottle,Chardonnay Oude Kaap 750ml [030571]
030651,CHENIN OUDE KAAP BOT,750ml,0,5.28,116.16,194,Oude Kaap Chenin Blanc 750ml Bottle,Chenin Oude Kaap 750ml [030651]
021221,CINZANO BIANCO,750ml,0,6.73,6.06,34,Cinzano Bianco,Cinzano Bianco 750ml [021221]
022451,COCKBURNS SPECIAL,750ml,0,14.23,5.69,189,Cockburns Special,Cockburns Special 750ml [022451]
999018,Cantina Trevigiana Rose Prosecco 75cl Bottle,750ml,9.00,6.95,62.55,214,Cantina Trevigiana Rose Prosecco 75cl Bottle,Cantina Trevigiana Rose Prosecco 750ml [999018]
034221,MALBEC DESPACITO BOT,750ml,0,7.06,144.02,115,Despacito Malbec 750ml Bottle,Despacito Malbec 750ml [034221]
034321,MALBEC HERMANDAD BOT,750ml,0,14.84,14.84,117,Hermandad Malbec 750ml Bottle,Hermandad Malbec 750ml [034321]
034421,MALBEC WHITE BOT,750ml,0,7.75,34.88,196,Land of Malbec White Malbec 750ml,Malbec White 750ml [034421]
034531,MERLOT CASA SANTI BOT,750ml,0,6.33,52.54,197,Casa Santiago Merlot 750ml Bottle,Casa Santiago Merlot 750ml [034531]
023761,NIEPOORT RUBY PORT,750ml,0,14.23,12.81,120,Niepoort Port,Niepoort Ruby Port 750ml [023761]
034671,P/GRIGIO TREV ROSE BOT,750ml,0,5.72,108.11,107,Cantina Trevigiana Pinot Grigio Blush 750ml Bottle,Trevigian Pinot Grigio Rose 750ml [034671]
034661,P/GRIGIO TREVIGIAN BOT,750ml,0,5.72,80.08,108,Cantina Trevigiana Pinot Grigio 750ml Bottle,Trevigian Pinot Grigio White 750ml [034661]
034811,P/NOIR ARTE NOBLE BOT,750ml,0,5.95,47.6,202,Arte Noble Reserve Pino Noir 75cl Bottle,Arte Noble Pinot Noir 750ml [034811]
034821,P/NOIR BOURG BOT,750ml,0,0.01,0.09,203,Pino Noir Bourgogne,Bourgogne Pinot Noir 750ml [034821]
038881,PROSECCO TREV ROSE BOT,750ml,0,6.95,76.45,211,75cl Trevigiana Prosecco Rose,Trevigiana Prosecco Rose 750ml [038881]
038871,PROSECCO TREVIGIAN BOT,750ml,0,6.95,215.45,297,Cantina Trevigiana Prosecco 750ml Bottle,Trevigian Prosecco White 750ml [038871]
035321,RIOJA CHOZA BOT,750ml,0,9.18,174.42,205,Choza Rioja Crianza 750ml Bottle,Choza Rioja 750ml [035321]
036551,SAUV BLNC INVINIT BOT,750ml,0,9.18,27.54,111,Inviniti Sauvignon Blanc,Invinit Sauvignon Blanc 750ml [036551]
036571,SAUV BLNC OUDE KAAP BOT,750ml,0,6.1,36.6,207,Oude Kaap Sauvignon Blanc 750ml Bottle,Oude Kaap Sauvignon Blanc 750ml [036571]
036591,SAUV BLNC SANTIAGO BOT,750ml,0,6.33,99.38,208,Casa Santiago Sauvignon Blanc 750ml Bottle,Santiago Sauvignon Blanc 750ml [036591]
024561,TAYLORS TAWNY PORT,750ml,0,12.6,22.68,61,Taylors Fine Ruby Port,Taylors Tawny Port 750ml [024561]
037851,ZINF HILMASPRINGS BOT,750ml,0,6.1,128.1,106,Hilmar Springs White Zinfandel 750ml Bottle,Hilmar Springs Zinfandel 750ml [037851]
036851,SHIRAZ BROOKFORD BOT,750ml,0,5.29,150.24,114,Brookford Shiraz Cabernet ,Brookford Shiraz 750ml [036851]
075100,BELU WATER,BOTTLE,0,11.74,15.26,222,Belu Sparkling Water,Belu Water [075100]
064851,KOPPABERG M/FRUIT,BOTTLE,0,22.49,35.98,10,Koppaberg Mixed Fruit 500ml Bottle,Koppaberg Mixed Fruit 0% [064851]
064891,KOPPABERG S/L 0%,BOTTLE,0,22.31,84.78,269,Koppaberg Strawberry & Lime 0.0% 500ml Bottle,Koppaberg Strawberry & Lime 0% [064891]
064881,KOPPABERG ST/LIME,BOTTLE,0,22.47,120.44,149,Koppaberg Strawberry & Lime 500ml Bottle,Koppaberg Strawberry & Lime [064881]
065371,OLD MOUT KIWI,BOTTLE,0,17.9,16.11,150,Old Mout Kiwi & Lime 500ml Bottle,Old Mout Kiwi 500ml [065371]
055071,PERONI 0%,BOTTLE,0,14.06,46.4,148,Peroni Nastro Azzuro 0.0% 330ml Bottle,Peroni 0 330ml [055071]
055061,PERONI N/AZZURO,BOTTLE,0,13.79,70.33,215,Peroni Nastro Azzuro 330ml Bottle,Peroni N Azzuro 330ml [055061]
038873,PROSECCO TREVIGIAN,BOTTLE,0,2.36,977.04,300,Cantina Trevigiana Prosecco 200ml Bottle,Prosecco Trevigian Minature Bottle [038873]
075701,SPRINGBOURNE WATER,BOTTLE,0,4.53,5.89,223,Springbourne Water,Springbourne Water 3300ml [075701]
077303,COCA COLA CN,CAN,0,8.2,41,15,Coca Cola Can,Coca Cola Can 3300ml [077303]
077521,FANTA CN,CAN,0,1,3.2,97,Fanta Orange Can,Fanta Can 3300ml [077521]
077681,PEPSI MAX CN,CAN,0,5.99,94.64,20,Pepsi Max Can,Pepsi Max Can 3300ml [077681]
077993,RED BULL,CAN,0,12,15.6,304,Redbull 250ml Can,Redbull Bull 250ml [077993]
090171,BACON FRIES DOZ,DOZ,0,5.29,26.98,288,Smith's Scampi Fries,Bacon Fries [090171]
098271,CRUNCHIE DOZ,DOZ,0,9.79,23.5,248,Crunchie,Crunchie Doz [098271]
098276,DAIRY MILK 45G DOZ,DOZ,0,7.11,0.71,249,Dairy Milk 45g,Dairy Milk Doz 45g [098276]
094421,DRY ROAST KP 50G DOZ,DOZ,0,9.65,26.06,246,KP Dry Roasted,Kp Dry Roasted Doz 50g [094421]
098566,HARIBO SUPERMIX DOZ,DOZ,0,14.91,13.42,251,Haribo Supamix,Haribo Supermix Doz [098566]
098571,HARIBO TANGFASTIC DOZ,DOZ,0,14.91,2.98,252,Haribo Tangfastic,Haribo Tangfastic Doz [098571]
099712,PORK SCRATCHINGS DOZ,DOZ,0,8.16,48.96,290,Midlands Pork Scratchings,Pork Scratchings Doz [099712]
095751,SALTED NUTS KP 50G DOZ,DOZ,0,9.65,37.64,83,KP Nuts Salted,Salted Kp Nuts Doz 50g [095751]
099713,SCAMPI FRIES DOZ,DOZ,0,5.29,16.93,288,Smith's Scampi Fries,Scampi Fries Doz [099713]
099351,SNICKERS DOZ,DOZ,0,6.49,13.63,259,Snickers,Snickers Doz [099351]
060131,ASPALL 4.5% GAL,GAL,0,10.37,362.95,137,Aspall,Aspall 4.5% Draught [060131]
040481,BASS ALE 10GAL GAL,GAL,0,10.73,418.47,134,Bass,Bass Ale Draught [040481]
047281,CARLING GAL,GAL,0,12.09,531.96,1,Carling Lager,Carling Draught [047281]
047446,ESTRELLA 0% GAL,GAL,0,9.82,78.56,141,Estrella Galicia 0%,Estrella 0% Draught  [047446]
046321,GUINNESS GAL,GAL,0,15.37,445.73,4,Guinness,Guinness Draught [046321]
042771,LEVEL HEAD 30L GAL,GAL,0,13.47,218.21,138,Level Head,Level Head Draught [042771]
048061,MADRI GAL,GAL,0,13.73,741.42,136,Madri,Madri Draught [048061]
048501,SAN MIGUEL GAL,GAL,0,12.19,511.98,5,San Miguel,San Miguel Draught [048501]
076151,COLA 5.4-1 LTR,POSTMIX,0,4.68,74.88,143,Cola Post mix,Cola 5.4-1 Post Mix [076151]
076321,GINGER BEER 5-1 LTR,POSTMIX,0,4.95,94.05,268,Ginger Beer Post Mix,Ginger Beer 5-11 Post Mix [076321]
076901,LEMONADE 7.5-1 LTR,POSTMIX,0,3.57,121.38,135,Lemonade Post Mix,Lemonade 7.5-1 Post Mix [076901]
076621,ORANGE JUICE 4-1 LTR,POSTMIX,0,6.89,213.59,144,Orange Juice Post Mix,Orange Juice 4-1 Post Mix [076621]
076701,PEPSI MAX 5-1 LTR,POSTMIX,0,6.06,139.38,95,Pepsi Max 500ml Bottle,Pepsi Max 5-1 Post Mix [076701]
052336,Guinness 0% Cans,440,12.2,18.17,294,Guinness 0.0% 440ml [052336]
098873,Kit Kat 2 Finger,EACH,0,0,0,254,Kit Kat 2 Finger,Kit Kat 2 Finger [098873]
098871,Kit Kat 4 Finger,EACH,42.00,0.58,24.48,86,Kit Kat 4 Finger,Kit Kat 4 Finger [098871]
099000,Maltesers,EACH,0,0,0,255,Maltesers,Maltesers [099000]
099031,Maoam Pinballs,EACH,0,0,0,258,Maoam Pinballs,Maoam Pinballs [099031]
099021,Mars Bar,EACH,79.00,0.7,55.07,256,Mars Bar,Mars Bar [099021]
099026,Minstrels,EACH,0,0,0,257,Minstrels,Minstrels [099026]
099521,Twirl,EACH,0,0,0,260,Twirl,Twirl [099521]
099711,Twix,EACH,0,0,0,261,Twix,Twix [099711]

999033,Lucozade Sport - Lemon & Lime,REMOVE,0,0,0,293,Lucozade Sport - Lemon & Lime,Lucozade Sport Lemon Lime [999033]
999056,TT Landlord,REMOVE,0,0,0,140,TT Landlord,TT Landlord [999056]
999004,Mulled Wine 1500ml Bottle,1500ml,2.00,0,0,306,Mulled Wine 1500ml Bottle,Mulled Wine 1500ml Bottle 1500ml [999004]
038856,Di Maria Rose Prosecco 200ml Bottle,BOTTLE,0,0,0,299,Di Maria Rose Prosecco 200ml Bottle,Di Maria Rose Prosecco Minature Bottle [038856]
999015,Disaronno Amaretto,700ml,1.80,16.61,29.9,36,Disaronno Amaretto,Disaronno Amaretto700ml [999015]
999023,Disaronno Velvet,700ml,0,0,0,267,Disaronno Velvet,Disaronno Velvet 700ml [999023]
098051,Aero Mint Chocolate,EACH,18.00,0.58,10.49,247,Aero Mint Chocolate,Aero Mint Chocolate [098051]
999021,Dairy Milk - Little Bars,EACH,0,0,0,285,Dairy Milk - Little Bars,Dairy Milk Little Bars [999021]
999017,Dairy Milk Bar,EACH,39.00,0.48,18.6,88,Dairy Milk Bar,Dairy Milk Bar [999017]
999024,Galaxy Caramel,EACH,0,0,0,276,Galaxy Caramel,Galaxy Caramel [999024]
098621,Galaxy Chocolate Bar,EACH,0,0,0,253,Galaxy Chocolate Bar,Galaxy Chocolate Bar [098621]
999026,Giant Fruit & Oat Cookie,EACH,0,0,0,287,Giant Fruit & Oat Cookie,Giant Fruit 0 Oat Cookie [999026]
999027,Giant Triple Choc Cookie,EACH,0,0,0,286,Giant Triple Choc Cookie,Giant Triple Choc Cookie [999027]
098561,Haribo Starmix,EACH,2.00,1.24,2.48,250,Haribo Starmix,Haribo Starmix [098561]
999054,Smith's Bacon Fries,EACH,0,0,0,289,Smith's Bacon Fries,Smith S S S Bacon Fries [999054]
999016,Diet Cola,CAN,17.00,0,0,224,Diet Cola,Diet Cola [999016]
999012,Fanta Fruit Twist,CAN,1.00,1.16,1.16,273,Fanta Fruit Twist,Fanta Fruit 0 Twist [999012]
999031,Koppaberg Mixed Fruit 0.0% 500ml Bottle,BOTTLE,0,0,0,270,Koppaberg Mixed Fruit 0.0% 500ml Bottle,Koppaberg Mixed Fruit 0% [999031]
999008,Lucozade Energy Orange,BOTTLE,24.00,0.92,21.98,229,Lucozade Energy Orange,Lucozade Energy Orange [999008]
999009,Lucozade Energy Original,BOTTLE,33.00,0.85,28.05,230,Lucozade Energy Original,Lucozade Energy Original [999009]
999032,Lucozade Sport - L& L,BOTTLE,0,0,0,291,Lucozade Sport - L& L,Lucozade Sport Lemon & Lime [999032]
999006,Lucozade Sport Orange,BOTTLE,12.00,1.08,13,231,Lucozade Sport Orange,Lucozade Sport Orange [999006]
999007,Lucozade Sport Raspberry,BOTTLE,12.00,1.28,15.31,232,Lucozade Sport Raspberry,Lucozade Sport Raspberry [999007]
077991,Natural Still Water,BOTTLE,0,0,0,19,Natural Still Water,Natural Still Water [077991]
999003,Oasis Citrus Fruits,BOTTLE,11.00,1.26,13.82,233,Oasis Citrus Fruits,Oasis Citrus Fruits [999003]
999002,Oasis Exotic Fruits Zero 500ml,BOTTLE,14.00,1,14,302,Oasis Exotic Fruits Zero 500ml,Oasis Exotic Fruits Zero 0 500ml 500ml [999002]
999037,Oasis Mango,BOTTLE,0,0,0,236,Oasis Mango,Oasis Mango [999037]
999038,Oasis Summer Fruits,BOTTLE,0,0,0,234,Oasis Summer Fruits,Oasis Summer Fruits [999038]
999039,Oasis Tropical,BOTTLE,0,0,0,235,Oasis Tropical,Oasis Tropical [999039]
999040,Oasis Zero Citrus Fruits,BOTTLE,0,0,0,237,Oasis Zero Citrus Fruits,Oasis Zero Citrus Fruits [999040]
999041,Oasis Zero Mango,BOTTLE,0,0,0,240,Oasis Zero Mango,Oasis Zero Mango [999041]
999042,Oasis Zero Summer Fruits,BOTTLE,0,0,0,238,Oasis Zero Summer Fruits,Oasis Zero Summer Fruits [999042]
999043,Oasis Zero Tropical,BOTTLE,0,0,0,239,Oasis Zero Tropical,Oasis Zero Tropical [999043]
999001,Old Mout Berries & Cherries 500ml Bottle,BOTTLE,1.00,1.49,1.49,271,Old Mout Berries & Cherries 500ml Bottle,Old Mout Berries Cherries 0 500ml Bottle 500ml [999001]
999044,Orange Tango,BOTTLE,0,0,0,226,Orange Tango,Orange Tango [999044]
999046,Pepsi Max Post Mix,BOTTLE,0,0,0,303,Pepsi Max Post Mix,Pepsi Max 500ml Bottle [999046]
077961,Ribena,BOTTLE,0,0,0,241,Ribena,Ribena [077961]
999049,Ribena Light Mango,BOTTLE,0,0,0,275,Ribena Light Mango,Ribena Light Mango [999049]
999050,Ribena Light Strawberry,BOTTLE,0,0,0,274,Ribena Light Strawberry,Ribena Light Strawberry [999050]
999051,Ribena Strawberry,BOTTLE,0,0,0,242,Ribena Strawberry,Ribena Strawberry [999051]
999055,Sparkling Water,BOTTLE,0,0,0,22,Sparkling Water,Sparkling Water [999055]
999057,Tango Orange Bottle,BOTTLE,0,0,0,227,Tango Orange Bottle,Tango Orange Bottle [999057]
999013,Fanta Lemon Bottle,BOTTLE,4.00,1.17,4.67,272,Fanta Lemon Bottle,Fanta Lemon Bottle [999013]
999014,Fanta Orange Bottle,BOTTLE,5.00,1.16,5.82,228,Fanta Orange Bottle,Fanta Orange Bottle [999014]
034851,Rochebin Pinot Noir 750ml Bottle,750ml,0,0,0,204,Rochebin Pinot Noir 750ml Bottle,Rochebin Pinot Noir 750ml [034851]
999061,Triple Crown Port,750ml,0,0,0,191,Triple Crown Port,Triple Crown Port 750ml [999061]
999064,Vilarnau 0.0% Sparkling White Wine 750ml Bottle,750ml,0,0,0,295,Vilarnau 0.0% Sparkling White Wine 750ml Bottle,Vilarnau 0% Sparkling White Wine 750ml [999064]
018731,Grand Marnier,700ml,0,0,0,42,Grand Marnier,Grand Marnier 700ml [018731]


999001,FRUIT SHOOTS – Apple & Blackcurrant,BOTTLE,0,5.55,10.14,221,Fruit Shoot - Apple & Blackcurrant,Fruit Shoot Apple Blackcurrant [999001]
999002,FRUIT SHOOTS – Orange,BOTTLE,0,5.55,10.14,17,Fruit Shoot - Orange,Fruit Shoot Orange [999002]
999003,NELSONS FLV GIN – Rhubarb & Custard,700ml,0,24.57,20.73,266,Nelsons Rhubarb & Custard Gin,Nelsons Rhubarb Custard Gin 700ml [999003]
999004,NELSONS FLV GIN – Temir,700ml,0,24.57,20.73,265,Nelsons Temir Gin,Nelsons Temir Gin 700ml [999004]
999005,NELSONS FLV RUM - CHOCOLATE,700ml,0,24.57,17.46,279,Nelsons Chocolate Rum,Nelsons Chocolate Rum 700ml [999005]
999006,NELSONS FLV RUM - SIGNATURE,700ml,0,24.57,17.46,280,Nelsons Signature Rum,Nelsons Signature Rum 700ml [999006]
999007,SOURZ - APPLE,700ml,0,7.88,7.42,184,Sourz Apple,Sourz Apple 700ml [999007]
999008,SOURZ - CHERRY,700ml,0,7.88,7.42,185,Sourz Cherry,Sourz Cherry 700ml [999008]
999009,BRITVIC J2O – Apple & Mango,BOTTLE,0,13.54,39.81,218,Britvic J2O Apple & Mango,Britvic J2O Apple Mango [999009]
999010,BRITVIC J2O – Apple & Raspberry,BOTTLE,0,13.54,39.81,217,Britvic J2O Apple & Raspberry,Britvic J2O Apple Raspberry [999010]
999011,BRITVIC J2O – Orange & Passion Fruit,BOTTLE,0,13.54,39.81,216,Britvic J2O Orange & Passion Fruit,Britvic J2O Orange Passion Fruit 0 [999011]
999012,POSTMIX CORDIAL - BLACKCURRANT,POSTMIX,0,1.44,26.15,147,Blackcurrant Cordial PostMix,Blackcurrant Cordial Post Mix [999012]
999013,POSTMIX CORDIAL - LIME,POSTMIX,0,1.44,26.15,145,Lime Cordial PostMix,Lime Cordial Post Mix [999013]
999014,POSTMIX CORDIAL - ORANGE,POSTMIX,0,1.44,26.15,146,Orange Cordial PostMix,Orange Cordial Post Mix [999014]
999015,CRISPS PIPERS 40G - Cheddar & Onion,TEN,0,6.2,19.72,155,Pipers Crisps - Cheddar & Onion,Crisps Pipers 40g Cheddar Onion [999015]
999016,CRISPS PIPERS 40G - Cider & Vinegar,TEN,0,6.2,19.72,157,Pipers Crisps - Cider & Vinegar,Crisps Pipers 40g Cider Vinegar [999016]
999017,CRISPS PIPERS 40G - Longhorn Beef,TEN,0,6.2,19.72,85,Pipers Crisps - Longhorn Beef,Crisps Pipers 40g Longhorn Beef [999017]
999018,CRISPS PIPERS 40G - See Salt,TEN,0,6.2,19.72,156,Pipers Crisps - See Salt,Crisps Pipers 40g See Salt [999018]
999019,CRISPS PIPERS 40G - Sweet Chilli,TEN,0,6.2,19.72,158,Pipers Crisps - Sweet Chilli,Crisps Pipers 40g Sweet Chilli [999019]

999020,Guest Ale,GAL,16.2,10.57,171.36,3,BlackHole Guest Ale,Guest Ale Draught [999020]
