Code,StockItemId,CSV_Name,CSV_Size,PreferredTU,ChosenTU,ChosenTU_Id,Quantity,UnitCost,LinePrice
010001,322,BACON 2.27KG,PKT,Packet 2.27kg,Packet 2.27kg,620,8.0,11.05,88.4
010003,547,BEEF SILVERSIDE,KGS,Pack 1kg,Pack 1kg,845,8.0,14.75,118.0
010004,325,BEEF SLICED 500G,EAC,Each 500g,Each 500g,623,2.0,11.75,23.5
010020,326,BLACK PUDDING STICK,KGS,Pack 1kg,Pack 1kg,624,1.0,3.88,3.88
010006,327,CHICKEN FILLET 6OZ,EAC,Each 170g,Each 170g,625,40.0,1.45,58.0
010007,328,CHICKEN NUGGETS,1KG,Pack 1kg,Pack 1kg,626,11.5,8.0,92.0
010011,329,HAM COOKED 500G,PKT,Packet 500g,Packet 500g,627,6.0,5.8,34.8
010018,330,PIGS IN BLANKETS,BAG,Bag 1kg,Bag 1kg,628,5.0,11.88,59.4
010019,331,PORK LOIN,KGS,Kilogram 1L,Kilogram 1L,629,8.0,6.75,54.0
010014,332,SAUSAGE COCKTAIL,2.2,Tub 2.2kg,Tub 2.2kg,630,1.5,19.77,29.66
010016,333,SAUSAGE FRESH 2.5,TRY,Pack 250ml,Pack 250ml,631,5.0,9.78,48.9
010017,334,SAUSAGE PORK 8`S,BOX,Box 2.8kg,Box 2.8kg,632,1.0,20.75,20.75
020001,335,COD FILLETS,EAC,Pack 170g,Pack 170g,633,6.0,3.6,21.6
020008,336,FISH CAKES COD & PRAWN,BOX,Box 2.4kg,Box 2.4kg,634,0.5,38.25,19.13
020002,337,FISH FINGER JUMBO,X36,Box 1.8kg,Box 1.8kg,635,1.5,43.29,64.94
020004,338,PRAWNS 1.5KG,BAG,Bag 1.5kg,Bag 1.5kg,636,0.5,25.2,12.6
020006,339,SCAMPI YOUNGS 450G,BAG,Bag 450g,Bag 450g,637,7.5,7.65,57.38
030001,340,BUTTER BLOCK,EAC,Block 250g,Block 250g,638,46.0,2.25,103.5
030002,341,BUTTER PTNS X100,BOX,Box 1kg,Box 1kg,639,1.5,6.36,9.54
030003,342,CH PARMESAN,KGS,Pack 1kg,Pack 1kg,640,0.5,15.32,7.66
030023,343,CH SLICES,PKT,Packet 1kg,Packet 1kg,641,2.5,9.79,24.48
030004,344,CH STILTON,KGS,Pack 1kg,Pack 1kg,642,1.0,16.95,16.95
030024,345,CH VEGAN,PKT,Packet 1kg,Packet 1kg,643,2.0,3.95,7.9
030005,346,CHEESE BRIE,KGS,Pack 1kg,Pack 1kg,644,2.5,8.99,22.48
030006,347,CHEESE CHED MATURE,KGS,Pack 5.0kg,Pack 5.0kg,645,4.9,13.85,67.87
030007,348,CHEESE GOAT LOG,EAC,Log 1kg,Log 1kg,646,1.5,13.18,19.77
030008,349,CHEESE GRATED 1KG,BAG,Bag 1kg,Bag 1kg,647,5.0,12.75,63.75
030009,350,CHEESE PHILADELPA,1.6,Tub 1.6kg,Tub 1.6kg,648,1.0,12.99,12.99
030010,351,CREAM CLOTTED,EAC,Pot 170g,Pot 170g,649,2.0,0.36,0.72
030011,352,CREAM M/LAND 1LTR,LTR,Pack 1L,Pack 1L,650,10.0,3.33,33.3
030013,353,CUSTARD,EAC,Carton 1L,Carton 1L,651,15.0,1.67,25.05
030014,354,EGGS,EAC,Each 60g,Each 60g,652,240.0,0.24,57.6
030015,355,FLORA BUTTERY,2KG,Pack 2.0kg,Pack 2.0kg,653,5.0,16.19,80.95
030018,356,MILK 2LTR,TUB,Tub 2.0L,Tub 2.0L,654,10.0,1.45,14.5
030021,357,MILK SOYA,LTR,Carton 1L,Carton 1L,655,2.0,2.48,4.96
040003,358,BREAD BAKER W/MEAL,EAC,Loaf 800g,Loaf 800g,656,6.0,2.37,14.22
040004,359,BREAD BAKER WHITE,EAC,Loaf 800g,Loaf 800g,657,9.0,2.53,22.77
040028,360,BREAD CIABATTA,BOX,Box 1.2kg,Box 1.2kg,658,1.0,11.75,11.75
040006,361,BREAD G/F SLICED,EAC,Each 10ml,Each 10ml,659,1.5,1.97,2.96
040007,362,BREAD HOVIS BROWN,EAC,Loaf 800g,Loaf 800g,660,2.5,1.9,4.75
040008,363,BREAD HOVIS WHITE,EAC,Loaf 800g,Loaf 800g,661,1.0,1.9,1.9
040029,364,BREAD ROLL GF,EAC,Roll 80g,Roll 80g,662,15.0,1.06,15.9
040009,365,BRIOCHE BUN SLCD,EAC,Bun 60g,Bun 60g,663,18.0,0.36,6.48
040010,366,BUN FLOURED,EAC,Bun 70g,Bun 70g,664,92.0,0.38,34.96
040027,367,GARLIC BREAD,BOX,Box 900g,Box 900g,665,1.0,28.22,28.22
040012,368,NAAN BREAD,EAC,Naan 120g,Naan 120g,666,25.0,0.64,16.0
040030,369,SABLES CASES 8.5CM,BOX,Box 1kg,Box 1kg,667,1.0,37.08,37.08
040021,370,SOUP ROLLS,EAC,Roll 65g,Roll 65g,668,18.0,0.25,4.5
040022,371,TEA CAKES,EAC,Teacake 70g,Teacake 70g,669,24.0,0.46,11.04
040023,372,TORTILLA WRAPS,PKT,Packet 370g,Packet 370g,670,6.0,2.98,17.88
050012,373,C/CAKE TRILLIONAIRE,PTN,Portion 140g,Portion 140g,671,10.0,1.68,16.8
050014,374,CHOCOLATE FUDGE CAKE GF,PTN,Portion 120g,Portion 120g,672,14.0,0.97,13.58
050015,375,CHOCOLATE PUDDING,EAC,Each 110g,Each 110g,673,12.0,1.01,12.12
050002,376,CHRISTMAS PUD,EAC,Each 105g,Each 105g,674,9.0,1.05,9.45
050005,377,H/M BROWNIE,PTN,Pack 250ml,Pack 250ml,675,47.0,1.09,51.23
050006,378,H/M CRUMBLE,PTN,Pack 250ml,Pack 250ml,676,2.0,1.0,2.0
050011,379,I/C SORBET YORVALE,2LT,Pack 60.0L,Pack 60.0L,677,1.5,15.56,23.34
050007,380,I/C VANILLA C/NISH 5LT,TUB,Tub 60.0L,Tub 60.0L,678,1.4,24.08,33.71
050009,381,MINCE PIES,X6,Box 420g,Box 420g,679,2.0,1.55,3.1
050010,382,STICKY TOFFEE PUDS,EAC,Each 120g,Each 120g,680,8.0,1.58,12.64
050013,383,VICTORIA SPONGE GF,PTN,Portion 120g,Portion 120g,681,14.0,1.91,26.74
060001,384,APPLES,EAC,Each 180g,Each 180g,682,11.0,0.55,6.05
060058,385,ASPARAGUS,BNC,Bunch 250g,Bunch 250g,683,8.0,2.8,22.4
060004,386,CABBAGE WHITE,EAC,Each 800g,Each 800g,684,5.5,1.69,9.3
060005,387,CARROT,KGS,Pack 1kg,Pack 1kg,685,10.0,1.15,11.5
060056,388,CARROTS RAINBOW,PUN,Punnet 300g,Punnet 300g,686,6.0,3.29,19.74
060057,389,CELERY,HED,Head 400g,Head 400g,687,2.0,1.45,2.9
060007,390,CRESS,PUN,Punnet 100g,Punnet 100g,688,2.0,0.29,0.58
060008,391,CUCUMBER,EAC,Each 300g,Each 300g,689,9.0,1.19,10.71
060009,392,FZ BROCOLLI 2.5KG,BAG,Bag 2.5kg,Bag 2.5kg,690,12.0,5.68,68.16
060013,393,FZ CAULI 1KG,BAG,Bag 1kg,Bag 1kg,691,1.0,1.0,1.0
060014,394,FZ CHIPS CHUNKY 2.5KG,BAG,Bag 2.5kg,Bag 2.5kg,692,12.0,4.25,51.0
060016,395,FZ CHIPS SKIN ON,2.5,Pack 2.25kg,Pack 2.25kg,693,1.0,3.77,3.77
060019,396,FZ HASH BROWN 2.5,BAG,Bag 250ml,Bag 250ml,694,2.5,9.97,24.93
060020,397,FZ MASH POTATO 2.5,BAG,Bag 250ml,Bag 250ml,695,1.5,5.93,8.9
060026,398,FZ PEAS FANCY 1KG,BAG,Bag 1kg,Bag 1kg,696,11.5,2.47,28.41
060028,399,FZ POTATO ROAST 2.5K,BAG,Bag 2.25kg,Bag 2.25kg,697,3.0,7.39,22.17
060033,400,FZ SWEET POTATO 2.5K,BAG,Bag 2.25kg,Bag 2.25kg,698,1.5,14.37,21.56
060035,401,FZ TWISTER FRIES 2.5K,BAG,Bag 2.25kg,Bag 2.25kg,699,2.0,7.97,15.94
060036,402,GARLIC STRING,EAC,String 250g,String 250g,700,50.0,0.32,16.0
060037,403,GRAPES,PUN,Punnet 500g,Punnet 500g,701,1.0,2.6,2.6
060038,404,HERBS FRESH,BUN,Bunch 30g,Bunch 30g,702,11.5,1.85,21.28
060059,405,LEEKS,KGS,Pack 1kg,Pack 1kg,703,3.0,1.27,3.81
060039,406,LEMONS,EAC,Each 120g,Each 120g,704,12.0,0.56,6.72
060040,407,LETTUCE BABY GEM,PKT,Packet 250g,Packet 250g,705,6.0,1.45,8.7
060041,408,MUSHROOMS,KGS,Pack 1kg,Pack 1kg,706,3.0,3.78,11.34
060060,409,ONION SPRING,BCH,Bunch 100g,Bunch 100g,707,3.0,0.69,2.07
060042,410,ONIONS RED,KGS,Pack 1kg,Pack 1kg,708,6.0,1.45,8.7
060061,411,PARSNIPS,KGS,Pack 1kg,Pack 1kg,709,5.0,2.01,10.05
060045,412,PEA SHOOTS,100,Pack 100g,Pack 100g,710,2.0,1.89,3.78
060046,413,PEPPERS,KGS,Pack 1kg,Pack 1kg,711,2.0,4.22,8.44
060047,414,POTATOES BABY NEW,10K,Bag 10kg,Bag 10kg,712,0.1,16.54,1.65
060049,415,POTATOES MARIS,25K,Bag 25kg,Bag 25kg,713,0.8,20.0,16.0
060050,416,RADISH,BAG,Bag 250g,Bag 250g,714,3.0,0.69,2.07
060052,417,SALAD MIX 500G,BAG,Bag 500g,Bag 500g,715,3.0,4.59,13.77
060053,418,STRAWBERRIES,PUN,Punnet 400g,Punnet 400g,716,0.5,3.5,1.75
060054,419,TOMATO CHERRY 3KG,TRY,Pack 3.0kg,Pack 3.0kg,717,1.0,16.95,16.95
070004,420,COCOA FANTASY,1KG,Pack 1kg,Pack 1kg,718,13.0,4.6,59.8
070005,421,COFFEE BEAN LAVAZ,1KG,Pack 1kg,Pack 1kg,719,4.0,15.29,61.16
070008,422,MILLFRESH MILK,500,Bottle 500ml,Bottle 500ml,720,25.0,4.08,102.0
070010,423,NESCAFE DECAF 500,TIN,Tin 500g,Tin 500g,721,2.0,21.12,42.24
070012,424,TEABAG TETLEY 1100,BAG,Bag 2.75kg,Bag 2.75kg,722,4.1,26.09,106.97
080001,425,APPLE SCE 2.35,TUB,Tub 2.35L,Tub 2.35L,723,1.3,10.44,13.57
080002,426,BALSAMIC GLAZE,500,Squeezy 500ml,Squeezy 500ml,724,4.5,7.08,31.86
080004,427,BBQ LTR,BOT,Bottle 1L,Bottle 1L,725,2.3,2.0,4.6
080005,428,BBQ SAUCE 2.3,TUB,Tub 342g,Tub 342g,726,1.0,8.96,8.96
080007,429,BRANSTON 360G,JAR,Jar 360g,Jar 360g,727,2.0,2.5,5.0
080044,430,BURGER SAUCE,LTR,Bottle 1L,Bottle 1L,728,3.0,3.4,10.2
080009,431,CAESAR DRESS 2.27,TUB,Tub 2.27L,Tub 2.27L,729,0.7,11.09,7.76
080010,432,CHILLI SAUCE 1.0,TUB,Tub 10ml,Tub 10ml,730,1.0,3.59,3.59
080013,433,CURRY PASTE,2.3,Tub 2.3kg,Tub 2.3kg,731,1.0,11.99,11.99
080014,434,DESSERT SAUCES,EAC,Bottle 1L,Bottle 1L,732,11.7,3.13,36.62
080043,435,GINGER PUREE,750,Tub 750g,Tub 750g,733,1.0,12.12,12.12
080017,436,HORSERADISH 2.27,TUB,Tub 2.27kg,Tub 2.27kg,734,1.8,9.13,16.43
080045,437,MANGO CHUTNEY,2.6,Tub 2.6kg,Tub 2.6kg,735,1.0,7.49,7.49
080020,438,MAYO VEGAN,LTR,Bottle 1L,Bottle 1L,736,1.0,3.43,3.43
080021,439,MAYONNAISE 5LT,TUB,Tub 5L,Tub 5L,737,3.0,19.99,59.97
080022,440,MINT SAUCE 2.27,TUB,Tub 285g,Tub 285g,738,1.5,8.23,12.35
080024,441,MUSTARD DIJON 2.27,TUB,Tub 2.27kg,Tub 2.27kg,739,1.0,18.18,18.18
080025,442,MUSTARD ENG 2.2L,TUB,Tub 2.2L,Tub 2.2L,740,0.3,4.4,1.32
080027,443,ONION CHUT 1.15,TUB,Tub 10ml,Tub 10ml,741,1.5,6.65,9.98
080028,444,SALSA THICK 2.3,TUB,Tub 342g,Tub 342g,742,1.0,13.05,13.05
080029,445,SCH BROWN FAIRWAY,BOX,Box 1kg,Box 1kg,743,3.5,18.98,66.43
080031,446,SOYA LIGHT 1.9L,BOT,Bottle 1.9L,Bottle 1.9L,744,1.0,13.24,13.24
080032,447,SQZ BBQ SAUCE,465,Squeezy 465ml,Squeezy 465ml,745,2.0,2.37,4.74
080033,448,SQZ BROWN HP,285,Pack 285g,Pack 285g,746,8.0,2.54,20.32
080034,449,SQZ MAYO HZ,220,Squeezy 220ml,Squeezy 220ml,747,10.0,1.13,11.3
080035,450,SQZ SALAD CREAM,425,Squeezy 425ml,Squeezy 425ml,748,7.0,2.36,16.52
080036,451,SQZ TOMATO HZ,342,Squeezy 342ml,Squeezy 342ml,749,10.0,1.63,16.3
080039,452,WORCHESTER SAUCE,568,Bottle 568ml,Bottle 568ml,750,1.0,4.61,4.61
080042,453,YOGURT & MINT 2.27,TUB,Tub 2.27kg,Tub 2.27kg,751,1.0,11.71,11.71
090001,454,ALMONDS FLAKED,KGS,Pack 1kg,Pack 1kg,752,1.0,7.93,7.93
090002,455,ALMONDS GROUND,KGS,Pack 1kg,Pack 1kg,753,0.5,10.28,5.14
090003,456,APPLES SOLID PACK 2.6,TIN,Pack 2.8kg,Pack 2.8kg,754,3.0,3.9,11.7
090004,457,BATTER MIX 3.5K,BAG,Bag 3.5kg,Bag 3.5kg,755,1.0,10.77,10.77
090095,458,BATTER MIX G/F,3.5,Pack 10ml,Pack 10ml,756,1.0,11.08,11.08
090005,459,BEANS BAKED 2.62KG,TIN,Tin 2.62kg,Tin 2.62kg,757,8.0,5.79,46.32
090008,460,BEANS KIDNEY 2.6KG,TIN,Tin 2.6kg,Tin 2.6kg,758,1.0,5.86,5.86
090096,461,BISCOFF CRUMB,BAG,Bag 1kg,Bag 1kg,759,2.0,3.88,7.76
090009,462,BISCOFF SPREAD,1.6,Jar 1.6kg,Jar 1.6kg,760,1.0,14.99,14.99
090010,463,BISCUITS CHEESE 800G,BOX,Box 800g,Box 800g,761,3.0,7.2,21.6
090011,464,BISCUITS LOTUS,300,Box 300g,Box 300g,762,2.5,13.73,34.33
090014,465,BOUILLION VEG PAST,1KG,Pack 1kg,Pack 1kg,763,3.0,24.67,74.01
090097,466,BREAD STICKS,BOX,Box 500g,Box 500g,764,13.0,3.35,43.55
090017,467,CER SPECIAL K,500,Box 500g,Box 500g,765,2.0,4.0,8.0
090019,468,CHOC CALLETS,BAG,Bag 1kg,Bag 1kg,766,1.0,60.27,60.27
090020,469,COCOA BOURNVILLE,1.5,Tub 1.5kg,Tub 1.5kg,767,1.0,25.0,25.0
090021,470,COCONUT MILK 400,TIN,Tin 400g,Tin 400g,768,1.0,0.88,0.88
090022,471,CORNFLOUR 3.5K,BAG,Bag 3.5kg,Bag 3.5kg,769,1.0,7.95,7.95
090024,472,CRISPS PIPERS 600G,TUB,Tub 600g,Tub 600g,770,1.5,5.26,7.89
090025,473,FLOUR PLAIN 1.5K,BAG,Bag 1.5kg,Bag 1.5kg,771,4.8,1.51,7.25
090098,474,FLOUR RICE,3KG,Pack 3.0kg,Pack 3.0kg,772,0.5,17.7,8.85
090027,475,FLOUR S/R 1.5KG,BAG,Bag 1.5kg,Bag 1.5kg,773,5.8,1.63,9.45
090030,476,GOLDEN SYRUP 750G,TUB,Tub 750g,Tub 750g,774,1.5,3.23,4.85
090032,477,GRAVY BISTO POULTRY,1.8,Tub 1.8kg,Tub 1.8kg,775,1.0,11.35,11.35
090099,478,GRAVY BROWNING,1.2,Bottle 1.2L,Bottle 1.2L,776,1.0,8.96,8.96
090033,479,GRAVY KNORR 1.88KG,TUB,Tub 1.88kg,Tub 1.88kg,777,6.0,13.99,83.94
090035,480,HERBS & SPICES,TUB,Tub 400g,Tub 400g,778,38.0,4.0,152.0
090101,481,HONEY SQY,340,Squeezy 340g,Squeezy 340g,779,5.5,3.83,21.07
090102,482,HOT DOGS 3.4KG,TIN,Tin 3.4kg,Tin 3.4kg,780,1.0,13.73,13.73
090037,483,JAM 28G JAR,EAC,Jar 28g,Jar 28g,781,164.0,0.28,45.92
090103,484,JAM CHILLI,2.4,Jar 2.4kg,Jar 2.4kg,782,0.5,6.56,3.28
090039,485,JAM STRAWBERRY,3KG,Pack 3.0kg,Pack 3.0kg,783,36.0,12.4,446.4
090040,486,JAM VARIOUS,454,Jar 454g,Jar 454g,784,1.0,1.2,1.2
090104,487,LENTILS RED,3KG,Pack 3.0kg,Pack 3.0kg,785,0.5,11.22,5.61
090042,488,MARMALADE 28G JAR,EAC,Jar 28g,Jar 28g,786,57.0,0.31,17.67
090045,489,MUSHY PEAS 2.6KG,TIN,Tin 2.6kg,Tin 2.6kg,787,2.0,4.4,8.8
090112,490,NUT PINE,KGS,Pack 1kg,Pack 1kg,788,1.0,32.95,32.95
090048,491,NUT PISTACHIO,1KG,Pack 1kg,Pack 1kg,789,1.0,19.97,19.97
090049,492,OATS PORRIDGE 3KG,BAG,Bag 3.0kg,Bag 3.0kg,790,1.0,8.76,8.76
090106,493,OIL BASIL,500,Bottle 500ml,Bottle 500ml,791,4.0,8.28,33.12
090100,494,OIL GARNISH,200,Bottle 200ml,Bottle 200ml,792,3.0,7.4,22.2
090051,495,OIL OLIVE 5 LTR,BOT,Bottle 5.0L,Bottle 5.0L,793,1.0,19.73,19.73
090052,496,OIL OLLECO 20LTR,TUB,Tub 20.0L,Tub 20.0L,794,5.0,39.99,199.95
090056,497,PANKO CRUMB 1KG,BAG,Bag 1kg,Bag 1kg,795,5.5,5.16,28.38
090061,498,PEARS 800G,410,Pack 800g,Pack 800g,796,4.0,1.1,4.4
090108,499,PICKLED ONIONS DRIVERS,2.2,Pack 2.25kg,Pack 2.25kg,797,1.0,11.19,11.19
090107,500,PIE FILLING CHERRY,2KG,Pack 2.0kg,Pack 2.0kg,798,1.0,16.24,16.24
090105,501,PRAWN CRACKERS,BAG,Bag 200g,Bag 200g,799,0.5,15.35,7.68
090064,502,RICE ARBORIO,1KG,Pack 1kg,Pack 1kg,800,1.0,3.56,3.56
090065,503,RICE BASMATI 5KG,BAG,Bag 5.0kg,Bag 5.0kg,801,0.5,26.1,13.05
090067,504,RICE PUDDING 5KG,BAG,Bag 5.0kg,Bag 5.0kg,802,0.5,5.18,2.59
090068,505,SALT 6KG,TUB,Tub 6.0kg,Tub 6.0kg,803,1.5,11.71,17.57
090069,506,SCH PEPPER,BOX,Box 500g,Box 500g,804,1.0,8.25,8.25
090070,507,SCH SALT,BOX,Box 500g,Box 500g,805,1.0,6.63,6.63
090072,508,SPONGE FINGERS,500,Packet 500g,Packet 500g,806,1.0,4.87,4.87
090073,509,STUFFING MIX 3KG,BAG,Bag 3.0kg,Bag 3.0kg,807,2.5,5.99,14.98
090110,510,SUGAR CANE PURE,TUB,Tub 2kg,Tub 2kg,808,2.0,5.31,10.62
090076,511,SUGAR DEMARARA 3KG,BAG,Bag 3.0kg,Bag 3.0kg,809,0.5,6.83,3.42
090109,512,SUGAR GRANULATED 2KG,BAG,Bag 2.0kg,Bag 2.0kg,810,1.0,3.44,3.44
090077,513,SUGAR ICING 3KG,BAG,Bag 3.0kg,Bag 3.0kg,811,1.3,5.99,7.79
090078,514,SUGAR LIGHT BROWN,3KG,Pack 3.0kg,Pack 3.0kg,812,0.1,5.18,0.52
090079,515,SUGAR MUSCAVARDO,BOX,Box 3kg,Box 3kg,813,10.0,2.78,27.8
090080,516,SUGAR STICKS BRW,BOX,Box 2.5kg,Box 2.5kg,814,3.0,8.91,26.73
090081,517,SUGAR STICKS WHT,BOX,Box 2.5kg,Box 2.5kg,815,2.0,6.48,12.96
090082,518,SULTANAS 3KG,BAG,Bag 3.0kg,Bag 3.0kg,816,0.7,12.14,8.5
090083,519,SWEETCORN 326G,TIN,Tin 326g,Tin 326g,817,5.0,1.06,5.3
090084,520,SWEETNER X1000,BOX,Box 1kg,Box 1kg,818,2.0,10.71,21.42
090111,521,TACO SHELLS,BOX,Box 200g,Box 200g,819,1.0,24.84,24.84
090085,522,TOM PUREE 142G,EAC,Each 142g,Each 142g,820,1.0,0.6,0.6
090086,523,TOMATO CHOPPED 800,TIN,Tin 800g,Tin 800g,821,6.0,1.09,6.54
090087,524,TOMATOES CHOP 2.5K,TIN,Tin 2.25kg,Tin 2.25kg,822,7.0,3.9,27.3
090089,525,TUNA 1.7KG,TIN,Tin 1.7kg,Tin 1.7kg,823,2.0,8.72,17.44
090090,526,TUNA 800G,TIN,Tin 800g,Tin 800g,824,8.0,4.25,34.0
090113,527,VANILLA ESSENSE,BOT,Bottle 500ml,Bottle 500ml,825,0.5,3.07,1.54
090091,528,VINEGAR 5LTR,BOT,Bottle 5.0L,Bottle 5.0L,826,1.0,6.91,6.91
090092,529,VINEGAR SARSONS 250ML,EAC,Each 250ml,Each 250ml,827,8.0,1.43,11.44
090093,530,VINEGAR W/WINE 5LT,TUB,Tub 5L,Tub 5L,828,7.2,6.99,50.33
090094,531,WALNUTS KGS,BAG,Per kg,Per kg,829,1.8,9.76,17.57
100003,532,BEETROOT WELLINGTON,EAC,Each 250g,Each 250g,830,2.0,2.57,5.14
100025,533,H/M SPECIALS,PTN,Pack 250ml,Pack 250ml,831,42.0,1.5,63.0
100006,534,L/M VEG OPTIONS,BOX,Box 30.0L,Box 30.0L,832,24.0,2.5,60.0
100022,535,NUT ROAST,EAC,Each 350g,Each 350g,833,6.0,4.09,24.54
100007,536,PASTIES VARIOUS,EAC,Each 250g,Each 250g,834,28.0,1.46,40.88
100010,537,PIE STEAK ALE,EAC,Each 250g,Each 250g,835,25.0,3.77,94.25
100024,538,PIZZA CHS & TOM,BOX,Box 450g,Box 450g,836,1.0,19.57,19.57
100012,539,PORK PIES MINI,BOX,Box 360g,Box 360g,837,5.0,3.02,15.1
100016,540,SAMOSAS VEG X50,BOX,Box 50g,Box 50g,838,0.5,44.44,22.22
100017,541,SAUSAGE ROLLS X40,BOX,Box 2.4kg,Box 2.4kg,839,0.8,22.99,18.39
100023,542,SAUSAGE VEG,BOX,Box 50g,Box 50g,840,0.6,13.57,8.14
100018,543,SAVOURY EGGS,X80,Box 2.8kg,Box 2.8kg,841,0.9,13.17,11.85
100019,544,SPRING ROLL DUCK X50,X90,Box 2.25kg,Box 2.25kg,842,1.5,40.32,60.48
100020,545,STEAK SLICE,EAC,Each 180g,Each 180g,843,36.0,1.15,41.4
