Group,Name,Code,Price,Pack,QuantityPerPack,WeightPerItem,Unit,Page
"FLOUR & SUGAR, FLOUR",Plain Flour,4601,3.65,3kg,1,3.0,kg,1
"FLOUR & SUGAR, FLOUR",Flour Italian 00,4621,1.87,1kg,1,1.0,kg,1
"FLOUR & SUGAR, FLOUR",GLUTEN FREE Flour Self Raising,4697,12.95,3kg,1,3.0,kg,1
"FLOUR & SUGAR, FLOUR",Self Raising Flour,4600,3.95,3kg,1,3.0,kg,1
"FLOUR & SUGAR, FLOUR",Corn Flour,4599,9.69,3.5kg,1,3.5,kg,1
"FLOUR & SUGAR, FLOUR",GLUTEN FREE Plain Flour,4625,12.95,3kg,1,3.0,kg,1
"FLOUR & SUGAR, FLOUR",Flour (Strong Bread),1795,1.42,1.5kg,1,1.5,kg,1
"FLOUR & SUGAR, FLOUR",Flour - Gram,4608,5.85,2kg,1,2.0,kg,1
"FLOUR & SUGAR, FLOUR",Flour - Wholemeal,8030,2.25,1.5kg,1,1.5,kg,1
"FLOUR & SUGAR, SUGAR",Caster Sugar,4556,3.95,2kg,1,2.0,kg,1
"FLOUR & SUGAR, SUGAR",Icing Sugar,4552,7.95,3kg,1,3.0,kg,1
"FLOUR & SUGAR, SUGAR",Granulated Sugar 1kg,4381,1.99,1kg,1,1.0,kg,1
"FLOUR & SUGAR, SUGAR",Dark Soft Brown Sugar,5746,9.99,3kg,1,3.0,kg,1
"FLOUR & SUGAR, SUGAR",Sugar Sachets White,8445,7.05,1x1000,1000,,,1
"FLOUR & SUGAR, SUGAR",Sugar Sachets Brown,8444,7.31,1x1000,1000,,,1
"FLOUR & SUGAR, SUGAR",Demerara Sugar 3Kg,4549,6.9,3Kg,1,3.0,Kg,1
"FLOUR & SUGAR, SUGAR",Sugar Rough Cut White,4514,45.7,1kg,1,1.0,kg,1
"FLOUR & SUGAR, SUGAR",Muscovado Sugar,4553,1.28,500g,1,500.0,g,1
"FLOUR & SUGAR, SUGAR",Golden Syrup,4554,21.95,7.26kg,1,7.26,kg,1
"FLOUR & SUGAR, SUGAR",Light Soft Brown Sugar,5745,9.95,3kg,1,3.0,kg,1
"FLOUR & SUGAR, SUGAR",Sugar Rough Cut Brown,4515,45.56,1kg,1,1.0,kg,1
"FLOUR & SUGAR, SUGAR",Black Treacle,4519,21.5,7.25kg,1,7.25,kg,1
TINNED GOODS,Pineapple Slices In Juice (Tin),4397,15.22,820g,1,820.0,g,1
TINNED GOODS,Chopped Tomatoes (Tin),4304,24.0,2.5kg,1,2.5,kg,1
TINNED GOODS,Roasted Red Peppers (Tin),4392,49.98,2.5kg,1,2.5,kg,1
TINNED GOODS,Baked Beans,4300,24.0,2.6kg,1,2.6,kg,1
TINNED GOODS,Solid Pack Apple,4395,33.04,2.6kg,1,2.6,kg,1
TINNED GOODS,Chick Peas (Tin),4319,9.5,800g,1,800.0,g,1
TINNED GOODS,Tomato Paste (Tin),4473,32.0,800g,1,800.0,g,1
TINNED GOODS,Mushy Peas (Tin),4310,24.6,2.6kg,1,2.6,kg,1
TINNED GOODS,Coconut Milk (Tin),4077,14.95,400ml,1,400.0,ml,1
TINNED GOODS,Cannellini Beans (Tin),4316,11.94,800g,1,800.0,g,1
TINNED GOODS,Butter Beans (Tin),4314,11.95,800g,1,800.0,g,1
TINNED GOODS,Peeled Plum Tomatoes (Tin),4303,25.95,2.5kg,1,2.5,kg,1
TINNED GOODS,Red Kidney Beans (Tin),4313,9.27,800g,1,800.0,g,1
TINNED GOODS,Five Bean Salad,1384,7.87,800g,1,800.0,g,1
TINNED GOODS,Peach Slices (Tin),5715,2.5,820g,1,820.0,g,1
TINNED GOODS,Solid Pack Rhubarb 2.8kg,4396,43.35,2.8kg,1,2.8,kg,1
TINNED GOODS,Tuna Chunks in Brine (Tin),4344,72.93,1.7kg,1,1.7,kg,1
TINNED GOODS,Jalapenos Sliced (Tin),4065,40.7,2.95 kg,1,2.95,kg,1
TINNED GOODS,Sweetcorn (Tin),4309,39.0,2.12kg,1,2.12,kg,1
TINNED GOODS,Jack Fruit in Water (Tin),4078,81.04,24 x 482g,24,482.0,g,1
TINNED GOODS,Cherry Pie Filling (Dark),4752,11.3,2kg,1,2.0,kg,1
TINNED GOODS,Baby Pears Tin,4347,4.5,425g,1,425.0,g,1
TINNED GOODS,Dark Pitted Cherries,4644,3.05,810g,1,810.0,g,1
TINNED GOODS,Baby Apples (Tin),4346,2.25,425g,1,425.0,g,1
TINNED GOODS,Roquito Chilli Pepper Pearls,4391,11.88,793g,1,793.0,g,1
TINNED GOODS,Black Beans (Tinned),9387,0.86,400g,1,400.0,g,1
TINNED GOODS,Borlotti Beans (Tin),4317,9.0,800g,1,800.0,g,1
CONDIMENTS & SAUCES,Lemon Juice 100%,4433,2.49,1ltr,1,1.0,ltr,1
CONDIMENTS & SAUCES,Mayonnaise,4459,11.95,5ltr,1,5.0,ltr,1
CONDIMENTS & SAUCES,Vegan Mayonnaise (Premium),4687,19.98,5ltr,1,5.0,ltr,1
CONDIMENTS & SAUCES,Squeezy Honey,4603,4.6,500ml,1,500.0,ml,1
CONDIMENTS & SAUCES,Custard (Ready to use),4501,2.95,1ltr,1,1.0,ltr,1
CONDIMENTS & SAUCES,Mayonnaise (Squeezy),4483,3.45,1ltr,1,1.0,ltr,1
CONDIMENTS & SAUCES,Apple Sauce,4653,8.05,2.3kg,1,2.3,kg,1
CONDIMENTS & SAUCES,Onion Marmalade,4410,15.64,1.35 kg,1,1.35,kg,1
CONDIMENTS & SAUCES,Strawberry Jam (Tub),4243,13.55,2.72kg,1,2.72,kg,1
CONDIMENTS & SAUCES,Mayonnaise Garlic,2665,3.36,1ltr,1,1.0,ltr,1
CONDIMENTS & SAUCES,Yoghurt & Mint Sauce,1056,3.5,1ltr,1,1.0,ltr,1
CONDIMENTS & SAUCES,Tomato Ketchup,4440,6.29,4ltr,1,4.0,ltr,1
CONDIMENTS & SAUCES,Lime Juice 100%,4434,2.49,1ltr,1,1.0,ltr,1
CONDIMENTS & SAUCES,American Smokey BBQ Sauce,4657,10.54,2.27ltr,1,2.27,ltr,1
CONDIMENTS & SAUCES,Horseradish Sauce,4444,10.5,2.27ltr,1,2.27,ltr,1
CONDIMENTS & SAUCES,Salsa (Chunky),6542,10.5,2.3kg,1,2.3,kg,1
CONDIMENTS & SAUCES,Cranberry Sauce,4470,13.0,2.5kg,1,2.5,kg,1
CONDIMENTS & SAUCES,Hot Honey (Roquito),4432,5.04,720g,1,720.0,g,1
CONDIMENTS & SAUCES,Mustard Coarse Grain (Tub),4318,9.95,2.27lt,1,2.27,lt,1
CONDIMENTS & SAUCES,Classic American Yellow Mustard,4678,2.5,226g,1,226.0,g,1
CONDIMENTS & SAUCES,Mango Chutney,9537,7.04,2.8kg,1,2.8,kg,1
CONDIMENTS & SAUCES,Maple Syrup,4689,10.5,640g,1,640.0,g,1
CONDIMENTS & SAUCES,Mint Sauce,4655,9.5,2.27ltr,1,2.27,ltr,1
CONDIMENTS & SAUCES,Red Current Jelly,4658,22.08,2.27kg,1,2.27,kg,1
CONDIMENTS & SAUCES,Tartare Sauce,4673,13.5,2.27ltr,1,2.27,ltr,1
CONDIMENTS & SAUCES,BBQ Sauce (Squeezy),4654,4.05,1ltr,1,1.0,ltr,1
CONDIMENTS & SAUCES,English Mustard,4443,11.5,2.27ltr,1,2.27,ltr,1
CONDIMENTS & SAUCES,Mayonnaise Sachets,4498,10.28,200x10g,200,10.0,g,1
CONDIMENTS & SAUCES,Caesar Dressing,9295,11.76,2.27ltr,1,2.27,ltr,1
CONDIMENTS & SAUCES,Dijon Mustard,4337,5.95,1 ltr,1,1.0,ltr,1
CONDIMENTS & SAUCES,Tiptree Strawberry Jam,523,26.4,72x28g,72,28.0,g,1
CONDIMENTS & SAUCES,Garnishing Glaze Beetroot,4367,7.05,250ml,1,250.0,ml,1
CONDIMENTS & SAUCES,Lemon Curd,5659,19.95,3.18kg,1,3.18,kg,1
CONDIMENTS & SAUCES,Worcestershire Sauce (Vegan),4445,6.95,1.2ltr,1,1.2,ltr,1
CONDIMENTS & SAUCES,Branston Original Pickle,4333,13.78,2.55kg,1,2.55,kg,1
CONDIMENTS & SAUCES,Brown Sauce,4442,6.21,4.5ltr,1,4.5,ltr,1
CONDIMENTS & SAUCES,Green Pesto Genovese (Contains Nuts),4576,14.96,1kg,1,1.0,kg,1
CONDIMENTS & SAUCES,Heinz Tomoato ketchup,4446,16.83,2.15 Litre,1,2.15,Litre,1
CONDIMENTS & SAUCES,Jam Portions - Strawberry,4332,13.1,100x20g,100,20.0,g,1
CONDIMENTS & SAUCES,Peanut Butter (Smooth),1763,3.7,227g,1,227.0,g,1
CONDIMENTS & SAUCES,Pomegranate Molasses,4447,5.36,300ml,1,300.0,ml,1
CONDIMENTS & SAUCES,Tomato Chutney,4411,9.78,1.3kg,1,1.3,kg,1
CONDIMENTS & SAUCES,Tomato Sauce Sachets,4496,8.14,200x10g,200,10.0,g,1
CONDIMENTS & SAUCES,American Style Mustard,4766,13.65,2.97kg,1,2.97,kg,1
CONDIMENTS & SAUCES,Burger Sauce,36961,3.0,1ltr,1,1.0,ltr,1
CONDIMENTS & SAUCES,Piccalilli,6545,10.95,2.25kg,1,2.25,kg,1
CONDIMENTS & SAUCES,Pizza Sauce,9078,7.16,3kg,1,3.0,kg,1
CONDIMENTS & SAUCES,Salad Cream,7598,7.24,2.27 ltr,1,2.27,ltr,1
CONDIMENTS & SAUCES,Tahini Paste,4448,13.29,1KG,1,1.0,KG,2
CONDIMENTS & SAUCES,Arrabbiatta Sauce,1365,9.41,2kg,1,2.0,kg,2
CONDIMENTS & SAUCES,Cajun & tomato Dressing (Sauce),5001,12.73,2.27kg,1,2.27,kg,2
CONDIMENTS & SAUCES,French Mustard,1794,12.4,2.27Ltr,1,2.27,Ltr,2
CONDIMENTS & SAUCES,Hendsersons Relish,4441,2.53,284ml,1,284.0,ml,2
CONDIMENTS & SAUCES,Hot Chilli Sauce,4013,7.9,2.27lt,1,2.27,lt,2
CONDIMENTS & SAUCES,Mustard Dijon,20051,16.8,2.27lt,1,2.27,lt,2
CONDIMENTS & SAUCES,Mustard Powder English,4437,16.76,454g,1,454.0,g,2
CONDIMENTS & SAUCES,Piri Piri Hot Sauce,1837,7.91,2.27ltr,1,2.27,ltr,2
CONDIMENTS & SAUCES,Salad Cream Sachets,9845,8.52,200x10G,200,10.0,G,2
CONDIMENTS & SAUCES,Smokehouse Chutney,6451,10.5,1kg,1,1.0,kg,2
CONDIMENTS & SAUCES,Tartare Sauce Sachets,5711,12.95,1x200g,1,200.0,g,2
CONDIMENTS & SAUCES,Tiptree Blackcurrant Jam,525,26.4,72x28g,72,28.0,g,2
CONDIMENTS & SAUCES,Tiptree Fine Cut Marmalade,530,26.5,72x28g,72,28.0,g,2
CONDIMENTS & SAUCES,Tiptree Pure Clear Honey,531,40.8,72x28g,72,28.0,g,2
"OILS, VINEGARS & COOKING WINE, 0ILS & FATS",Vegetable Oil,4660,32.84,20ltr,1,20.0,ltr,1
"OILS, VINEGARS & COOKING WINE, 0ILS & FATS",Extra Virgin Olive Oil,4666,45.0,5ltr,1,5.0,ltr,1
"OILS, VINEGARS & COOKING WINE, 0ILS & FATS",Blended Pomace,4667,35.45,5ltr,1,5.0,ltr,1
"OILS, VINEGARS & COOKING WINE, 0ILS & FATS",Duck Fat,4461,12.95,1kg,1,1.0,kg,1
"OILS, VINEGARS & COOKING WINE, 0ILS & FATS",Walnut Oil,8035,7.87,500ml,1,500.0,ml,1
"OILS, VINEGARS & COOKING WINE, 0ILS & FATS",Whirl (Vegan Butter Alternative,4767,18.25,4ltr,1,4.0,ltr,1
"OILS, VINEGARS & COOKING WINE, COOKING WINE",Cooking Wine Red,4457,6.25,3ltr,1,3.0,ltr,1
"OILS, VINEGARS & COOKING WINE, COOKING WINE",Cooking Wine White,4458,6.25,3ltr,1,3.0,ltr,1
"OILS, VINEGARS & COOKING WINE, COOKING WINE",Cooking Port,4475,18.44,3ltr,1,3.0,ltr,1
"OILS, VINEGARS & COOKING WINE, COOKING WINE",Cooking Brandy (ABV 5%),4505,22.92,3ltr,1,3.0,ltr,1
"OILS, VINEGARS & COOKING WINE, VINEGARS",Balsamic Glaze,4451,5.99,500ml,1,500.0,ml,1
"OILS, VINEGARS & COOKING WINE, VINEGARS",Vinegar - White Wine,4454,6.12,5ltr,1,5.0,ltr,1
"OILS, VINEGARS & COOKING WINE, VINEGARS",Vinegar - Balsamic,4455,14.03,5 ltr,1,5.0,ltr,1
"OILS, VINEGARS & COOKING WINE, VINEGARS",Vinegar Malt,4456,4.95,5ltr,1,5.0,ltr,1
"OILS, VINEGARS & COOKING WINE, VINEGARS",Vinegar - Red Wine,4462,6.12,5ltr,1,5.0,ltr,1
"OILS, VINEGARS & COOKING WINE, VINEGARS",Vinegar - Cider,4497,9.95,5ltr,1,5.0,ltr,1
"OILS, VINEGARS & COOKING WINE, VINEGARS",Distilled Malt Vinegar white,4489,4.17,5ltr,1,5.0,ltr,1
"OILS, VINEGARS & COOKING WINE, VINEGARS",Vinegar Sachets (Mallt),5717,5.95,1x200,200,,,1
"OILS, VINEGARS & COOKING WINE, VINEGARS",Vinegar - Sarsons (case only),4463,28.95,12x300ml,12,300.0,ml,1
"OILS, VINEGARS & COOKING WINE, GARNISHING OILS",Garnishing Oil - Basil,6874,7.4,200ml,1,200.0,ml,1
"OILS, VINEGARS & COOKING WINE, GARNISHING OILS",Truffle Oil,4460,9.91,250ml,1,250.0,ml,1
"OILS, VINEGARS & COOKING WINE, GARNISHING OILS",Garnishing Oil - Lemon,6873,7.95,250ml,1,250.0,ml,1
"OILS, VINEGARS & COOKING WINE, GARNISHING OILS",Garnishing Oil Chive,146,9.87,200ml,1,200.0,ml,1
"OILS, VINEGARS & COOKING WINE, GARNISHING OILS",Garnishing Oil - Coriander,6876,7.95,250ml,1,250.0,ml,1
"OILS, VINEGARS & COOKING WINE, GARNISHING OILS",Garnishing - Chilli Oil,6898,7.4,200ml,1,200.0,ml,1
"OILS, VINEGARS & COOKING WINE, GARNISHING OILS",Garnishing Oil Dill,6879,9.85,250ml,1,250.0,ml,1
"OILS, VINEGARS & COOKING WINE, GARNISHING OILS",Garnishing Oil Mint,6880,6.99,250ml,1,250.0,ml,1
"OILS, VINEGARS & COOKING WINE, GARNISHING OILS",Garnishing Oil - Rosemary,8036,7.95,250ML,1,250.0,ML,1
"OILS, VINEGARS & COOKING WINE, GARNISHING OILS",Garnishing Oil - Thyme,8034,7.95,250ml,1,250.0,ml,1
"OILS, VINEGARS & COOKING WINE, GARNISHING OILS",Garnishing Oil Tarragon,6881,6.56,250ml,1,250.0,ml,1
"OILS, VINEGARS & COOKING WINE, GARNISHING OILS",Garnishing Oil Watercress,19786,7.36,200ml,1,200.0,ml,1
PROVISIONS,Sage & Onion Stuffing,4640,10.95,3kg,1,3.0,kg,1
PROVISIONS,Garlic Puree,4492,4.2,1kg,1,1.0,kg,1
PROVISIONS,Breadcrumbs - White,4639,8.32,3kg,1,3.0,kg,1
PROVISIONS,Quince Jelly (Paste Gourmet),5713,14.95,800g,1,800.0,g,1
PROVISIONS,Oats,4485,4.74,3kg,1,3.0,kg,1
PROVISIONS,Vegan Aerosol Cream,37001,2.46,200ml,1,200.0,ml,1
PROVISIONS,Tomato Passata,4356,3.5,1kg,1,1.0,kg,1
PROVISIONS,Cheese & Onion Crisps,5710,0.77,40g,1,40.0,g,1
PROVISIONS,Marrowfat Peas ( Dried),4449,7.25,3kg,1,3.0,kg,1
PROVISIONS,Salt & Vinegar Crisps,5709,0.77,40g,1,40.0,g,1
PROVISIONS,Sea Salt Crisps,5708,0.77,40g,1,40.0,g,1
PROVISIONS,Tyrrell's Vegetable Crisp,18365,16.75,600g,1,600.0,g,1
CHOCOLATE & PATISSERIE,After Dinner Mints,1698,16.87,1kg,1,1.0,kg,1
CHOCOLATE & PATISSERIE,Strawberry Grit (Freeze Dried),4765,9.95,75g,1,75.0,g,1
CHOCOLATE & PATISSERIE,Baking Powder,4602,4.68,800g,1,800.0,g,1
CHOCOLATE & PATISSERIE,Chocolate Callets Dark 70%,4848,57.0,2.5kg,1,2.5,kg,1
CHOCOLATE & PATISSERIE,Vanilla Essence,4780,6.8,500ml,1,500.0,ml,1
CHOCOLATE & PATISSERIE,Pastry Fresh Puff,9997,35.99,4.25kg,1,4.25,kg,1
CHOCOLATE & PATISSERIE,Pidy - Quiche Pastry Case,4786,39.65,8.5cmx72,72,8.5,cm,1
CHOCOLATE & PATISSERIE,Vanilla Paste,4796,6.45,65g,1,65.0,g,1
CHOCOLATE & PATISSERIE,Bicarbonate of Soda,4807,3.25,1kg,1,1.0,kg,1
CHOCOLATE & PATISSERIE,Chocolate Callets Milk 33.6%,4828,45.0,2.5kg,1,2.5,kg,1
CHOCOLATE & PATISSERIE,Raspberry Grit (Freeze Dried),1397,19.46,150g,1,150.0,g,1
CHOCOLATE & PATISSERIE,Savoiardi (Sponge Fingers),4865,3.91,500g,1,500.0,g,1
CHOCOLATE & PATISSERIE,Chocolate Callets White 28%,4802,58.95,2.5kg,1,2.5,kg,1
CHOCOLATE & PATISSERIE,Glace Cherry,4923,8.16,,,,,1
CHOCOLATE & PATISSERIE,Meringue Nests,4812,22.59,"3""x72s",72,3.0,in,1
CHOCOLATE & PATISSERIE,Coco Powder,4867,21.95,500g,1,500.0,g,1
CHOCOLATE & PATISSERIE,Freeze Dried Strawberry,9397,7.48,35g,1,35.0,g,1
CHOCOLATE & PATISSERIE,Pastry Fresh Short Crust,4976,35.0,4.25kg,1,4.25,kg,1
CHOCOLATE & PATISSERIE,Savoury Pastry Tartlet,9837,41.98,11cm x 72,72,11.0,cm,1
CHOCOLATE & PATISSERIE,Amaretti Biscuits,4866,4.17,500g,1,500.0,g,1
CHOCOLATE & PATISSERIE,Bakespray Releasing Agent,4889,4.51,500ml,1,500.0,ml,1
CHOCOLATE & PATISSERIE,Glucose Syrup,4675,11.95,1 kg,1,1.0,kg,1
CHOCOLATE & PATISSERIE,Griottines (15%) Cherries in Kirsch,4857,19.95,1ltr,1,1.0,ltr,1
CHOCOLATE & PATISSERIE,Chocolate Callets Plain 54.5% (811),4801,45.0,2.5kg,1,2.5,kg,1
CHOCOLATE & PATISSERIE,Santander 65% Dark Choc,4803,35.0,2.5kg,1,2.5,kg,1
CHOCOLATE & PATISSERIE,Tart Cases Sweet,4797,55.25,11cmx72,72,11.0,cm,1
CHOCOLATE & PATISSERIE,Atora Beef Suet,1438,28.6,2kg,1,2.0,kg,1
CHOCOLATE & PATISSERIE,Bronze Leaf Gelitine,4888,26.35,1kg,1,1.0,kg,1
CHOCOLATE & PATISSERIE,Cocoa Nibs,4859,13.65,800g,1,800.0,g,1
CHOCOLATE & PATISSERIE,Feuille De brick (Pastry),7886,1.4,1x170g,1,170.0,g,1
CHOCOLATE & PATISSERIE,Milk Powder,4795,14.29,2kg,1,2.0,kg,1
CHOCOLATE & PATISSERIE,Pidy Profiterole 4cm,70007,12.96,1x75,75,,,1
CHOCOLATE & PATISSERIE,Pidy - Amusettes (Spoons),70001,29.0,1x84,84,,,1
CHOCOLATE & PATISSERIE,Pidy - Gluten Free Tart 8.5cm,70003,33.82,1x27,27,,,1
CHOCOLATE & PATISSERIE,Pidy - Mini Sweet Cones (6cm),70002,24.72,1x112,112,,,1
CHOCOLATE & PATISSERIE,Pidy - Quiche Cup 11cm,70004,53.28,1x42,42,,,1
CHOCOLATE & PATISSERIE,Pidy - Spicy Canape Assort,70005,22.08,1x96,96,,,1
CHOCOLATE & PATISSERIE,Pidy - Trendy Mini Round,70006,33.55,1x96,96,,,1
CHOCOLATE & PATISSERIE,Pidy - Zakouski,70008,22.71,1x96,96,,,1
CHOCOLATE & PATISSERIE,Vanilla Seeds,4799,32.3,100g,1,100.0,g,1
"HERBS & SPICES, SPICES",Saffron Strands Pure Red 1g,4648,2.38,1g,1,1.0,g,1
"HERBS & SPICES, SPICES",Paprika,4914,5.1,550g,1,550.0,g,1
"HERBS & SPICES, SPICES",Curry Powder,4548,6.38,500g,1,500.0,g,1
"HERBS & SPICES, SPICES",Cajun ( Blackened)Seasoning,4704,5.25,600g,1,600.0,g,1
"HERBS & SPICES, SPICES",Crushed Chilli Flakes,4912,7.65,300g,1,300.0,g,1
"HERBS & SPICES, SPICES",Ground Cinnamon,1935,6.68,430g,1,430.0,g,1
"HERBS & SPICES, SPICES",Ground Cumin,4580,8.75,400g,1,400.0,g,1
"HERBS & SPICES, SPICES",Onion Powder,4536,6.63,500g,1,500.0,g,1
"HERBS & SPICES, SPICES",Paprika Smoked,1967,4.26,450g,1,450.0,g,1
"HERBS & SPICES, SPICES",Cardamom Pods Green,1592,3.85,50g,1,50.0,g,1
"HERBS & SPICES, SPICES",Cinnamon Sticks,1936,5.23,150g,1,150.0,g,1
"HERBS & SPICES, SPICES",Garlic Powder,4868,9.86,500g,1,500.0,g,1
"HERBS & SPICES, SPICES",Juniper Berries,4545,8.95,200g,1,200.0,g,1
"HERBS & SPICES, SPICES",Piri - Piri Seasoning,361,4.72,200g,1,200.0,g,1
"HERBS & SPICES, SPICES",Star Anise,8029,7.25,130g,1,130.0,g,1
"HERBS & SPICES, SPICES",Stem Ginger,1783,9.02,560g,1,560.0,g,1
"HERBS & SPICES, SPICES",Turmeric,4915,3.45,300g,1,300.0,g,1
"HERBS & SPICES, SPICES",Chinese five Spice,4703,7.95,405g,1,405.0,g,1
"HERBS & SPICES, SPICES",Cloves Whole,1295,10.72,350g,1,350.0,g,1
"HERBS & SPICES, SPICES",Garam Masala,1839,4.49,450g,1,450.0,g,1
"HERBS & SPICES, SPICES",Ground Coriander,4645,7.58,400g,1,400.0,g,1
"HERBS & SPICES, SPICES",Sumac 250g,4869,6.9,250g,1,250.0,g,1
"HERBS & SPICES, SPICES",Chilli Powder,4916,5.27,400g,1,400.0,g,1
"HERBS & SPICES, SPICES",Allspice Ground,18467,10.04,250g,1,250.0,g,1
"HERBS & SPICES, SPICES",Fajita Seasoning,8027,5.99,504g,1,504.0,g,1
"HERBS & SPICES, SPICES",Fenugreek Leaves (Kasuri),9274,1.07,100g,1,100.0,g,1
"HERBS & SPICES, SPICES",Nutmeg Ground,4567,12.95,500g,1,500.0,g,1
"HERBS & SPICES, SPICES",Ras El Hanout,9749,5.29,250g,1,250.0,g,1
"HERBS & SPICES, SPICES",Smokey BBQ Seasoning,15897,6.25,300g,1,300.0,g,1
"HERBS & SPICES, SALT",Maldon Sea Salt,4544,18.87,1.4kg,1,1.4,kg,1
"HERBS & SPICES, SALT",Table Salt,4540,8.75,6kg,1,6.0,kg,1
"HERBS & SPICES, SALT",Natural Rock Salt,4598,1.6,500g,1,500.0,g,1
"HERBS & SPICES, SALT",Salt - Celery,378,5.83,1.3kg,1,1.3,kg,1
"HERBS & SPICES, SALT",Salt Pink,4542,9.25,800g,1,800.0,g,1
"HERBS & SPICES, SALT",Salt Sachets,45400,7.06,1 x2000,2000,,,1
"HERBS & SPICES, SALT",Salt & Pepper Seasoning,15901,23.85,2.5kg,1,2.5,kg,1
"HERBS & SPICES, PEPPER",Ground Black Pepper,4775,6.5,500g,1,500.0,g,1
"HERBS & SPICES, PEPPER",Pepper Cracked Black 450g,4705,9.33,450g,1,450.0,g,1
"HERBS & SPICES, PEPPER",Green Peppercorns in Brine,5764,10.48,850g,1,850.0,g,1
"HERBS & SPICES, PEPPER",Peppercorns Pink,1968,8.87,250g,1,250.0,g,1
"HERBS & SPICES, PEPPER",Peppercorns Black,1937,7.12,600g,1,600.0,g,1
"HERBS & SPICES, PEPPER",Ground White Peppers,4541,10.25,550g,1,550.0,g,1
"HERBS & SPICES, PEPPER",Pepper Sachets 2000s,45410,12.04,2000s,1,2000.0,s,1
"HERBS & SPICES, DRIED HERBS",Oregano Dried,4579,6.05,150g,1,150.0,g,1
"HERBS & SPICES, DRIED HERBS",Dried Chive Flakes,4546,4.25,35g,1,35.0,g,1
"HERBS & SPICES, DRIED HERBS",Dried Thyme,631,3.96,180g,1,180.0,g,1
"HERBS & SPICES, DRIED HERBS",Rosemary Dried,4919,4.5,200g,1,200.0,g,1
"HERBS & SPICES, DRIED HERBS",Dried Tarragon,1805,4.92,80g,1,80.0,g,1
"HERBS & SPICES, DRIED HERBS",Basil Dried,4562,4.5,150g,1,150.0,g,1
"HERBS & SPICES, DRIED HERBS",Mint Dried,20093,4.45,140g,1,140.0,g,1
"HERBS & SPICES, DRIED HERBS",Dried Mixed Herbs,9294,2.58,150g,1,150.0,g,1
"HERBS & SPICES, DRIED HERBS",Parsley Dried,4918,3.74,100g,1,100.0,g,1
"HERBS & SPICES, SEEDS",Fennel Seed,9345,1.43,100g,1,100.0,g,1
"HERBS & SPICES, SEEDS",Nigella ( BlackOnionSeed),4593,5.86,250g,1,250.0,g,1
"HERBS & SPICES, SEEDS",Sesame Seeds,4616,6.25,250g,1,250.0,g,1
"HERBS & SPICES, SEEDS",Black Sesame Seeds,8039,5.6,250g,1,250.0,g,1
"HERBS & SPICES, SEEDS",Cumin Seeds,9472,6.13,400g,1,400.0,g,1
"HERBS & SPICES, SEEDS",Fenugreek seed,8033,2.6,400g,1,400.0,g,1
"HERBS & SPICES, SEEDS",Mustard Seed Brown,310,4.29,250g,1,250.0,g,1
"HERBS & SPICES, SEEDS",Mustard Seeds (Yellow),408,4.65,250g,1,250.0,g,1
"HERBS & SPICES, SEEDS",Coriander seed,632,3.05,400g,1,400.0,g,1
"HERBS & SPICES, SEEDS",Caraway Seeds (Ajwain),4978,4.29,300g,1,300.0,g,1
"HERBS & SPICES, SEEDS",Poppy Seeds (Blue),370,4.72,250g,1,250.0,g,1
DRIED FRUITS & NUTS,Dried Figs,4874,11.95,1kg,1,1.0,kg,1
DRIED FRUITS & NUTS,Almonds Flaked,9995,12.95,1kg,1,1.0,kg,1
DRIED FRUITS & NUTS,Dried Apricots,4805,24.95,2kg,1,2.0,kg,1
DRIED FRUITS & NUTS,Pistachio Nuts,1807,30.37,700g,1,700.0,g,1
DRIED FRUITS & NUTS,Almonds Ground,9996,11.48,1kg,1,1.0,kg,1
DRIED FRUITS & NUTS,Hazel Nuts,49670,14.95,1kg,1,1.0,kg,1
DRIED FRUITS & NUTS,Sultanas,4878,15.0,3kg,1,3.0,kg,1
DRIED FRUITS & NUTS,Walnuts,9738,9.67,1kg,1,1.0,kg,1
DRIED FRUITS & NUTS,Pine Nuts,4975,32.95,1kg,1,1.0,kg,1
DRIED FRUITS & NUTS,Pitted Dates,4879,10.95,3kg,1,3.0,kg,1
DRIED FRUITS & NUTS,Cashew Nuts,4880,13.18,700g,1,700.0,g,1
DRIED FRUITS & NUTS,Dates Chopped,4706,11.25,3kg,1,3.0,kg,1
DRIED FRUITS & NUTS,Dried Cranberries,4873,8.95,1kg,1,1.0,kg,1
DRIED FRUITS & NUTS,Peanuts Blanched,4881,5.53,1kg,1,1.0,kg,1
DRIED FRUITS & NUTS,Pecan Nuts,4974,18.82,1kg,1,1.0,kg,1
DRIED FRUITS & NUTS,Raisins,4875,15.95,3kg,1,3.0,kg,1
DRIED FRUITS & NUTS,Banana Chips,4968,8.5,1kg,1,1.0,kg,1
DRIED FRUITS & NUTS,Coconut Desicated,4849,7.65,1kg,1,1.0,kg,1
DRIED FRUITS & NUTS,Golden Raisins,4876,6.38,1kg,1,1.0,kg,1
GRIANS & PULSES,Semolina,4759,8.5,3kg,1,3.0,kg,1
GRIANS & PULSES,Pumpkin Seeds,4921,7.48,1kg,1,1.0,kg,1
GRIANS & PULSES,Lentils Red,4991,9.5,3kg,1,3.0,kg,1
GRIANS & PULSES,Polenta (CornMeal),4987,3.67,1.5kg,1,1.5,kg,1
GRIANS & PULSES,Cous Cous,4997,3.57,1kg,1,1.0,kg,1
GRIANS & PULSES,Israeli Cous Cous (Giant),4998,5.02,1kg,1,1.0,kg,1
GRIANS & PULSES,Lentils Green (French),4992,7.95,3kg,1,3.0,kg,1
GRIANS & PULSES,Sun Flower Seeds,4920,4.56,1kg,1,1.0,kg,1
GRIANS & PULSES,Butter Beans Dried,4994,3.4,1kg,1,1.0,kg,1
GRIANS & PULSES,Cannellini Beans Dried,4996,3.83,1kg,1,1.0,kg,1
GRIANS & PULSES,Chickpeas Dried,4993,2.98,1kg,1,1.0,kg,1
GRIANS & PULSES,Haricot Blanc Beans Dried,4995,3.83,1kg,1,1.0,kg,1
GRIANS & PULSES,Quinoa,1693,7.05,1kg,1,1.0,kg,1
"CHINA, JAPAN, SOUTH EAST ASIA",Panko Bread Crumbs,4791,4.95,1kg,1,1.0,kg,1
"CHINA, JAPAN, SOUTH EAST ASIA",Sweet Chilli Sauce,4336,3.06,1ltr,1,1.0,ltr,1
"CHINA, JAPAN, SOUTH EAST ASIA",Gluten Free Panko Style Crumb,4792,5.95,1kg,1,1.0,kg,1
"CHINA, JAPAN, SOUTH EAST ASIA",Miso Paste,4476,2.5,500g,1,500.0,g,1
"CHINA, JAPAN, SOUTH EAST ASIA",Soy Sauce Gluten Free,4273,3.32,500ml,1,500.0,ml,1
"CHINA, JAPAN, SOUTH EAST ASIA",Ginger Puree (Pre Order),4287,4.74,750g,1,750.0,g,1
"CHINA, JAPAN, SOUTH EAST ASIA",Tofu,4478,4.06,300g,1,300.0,g,1
"CHINA, JAPAN, SOUTH EAST ASIA",Noodles Egg,4806,16.0,1x3kg,1,3.0,kg,1
"CHINA, JAPAN, SOUTH EAST ASIA",Rice Vinegar 6%,4450,6.12,50cl,1,50.0,cl,1
"CHINA, JAPAN, SOUTH EAST ASIA",Gochujang Korean Hot Pepper Paste,4452,9.01,575g,1,575.0,g,1
"CHINA, JAPAN, SOUTH EAST ASIA",Thai Green Curry Paste,4468,8.45,1kg,1,1.0,kg,1
"CHINA, JAPAN, SOUTH EAST ASIA",Hoi Sin Sauce,9745,8.37,2.2kg,1,2.2,kg,1
"CHINA, JAPAN, SOUTH EAST ASIA",Oil Toasted Sesame,4354,15.5,1ltr,1,1.0,ltr,1
"CHINA, JAPAN, SOUTH EAST ASIA",Pink Pickled Ginger,4466,2.95,340g,1,340.0,g,1
"CHINA, JAPAN, SOUTH EAST ASIA",Seaweed (Nori Sushi),4809,3.85,,,,,1
"CHINA, JAPAN, SOUTH EAST ASIA",Sriracha Hot Chilli Sauce,4436,4.85,740ml,1,740.0,ml,1
"CHINA, JAPAN, SOUTH EAST ASIA",Tandoori Curry Paste,9256,5.77,1kg,1,1.0,kg,1
"CHINA, JAPAN, SOUTH EAST ASIA",Thai Red Curry Paste,4469,9.52,1kg,1,1.0,kg,1
"CHINA, JAPAN, SOUTH EAST ASIA",Wasabi Paste (Tube),4465,1.7,43g,1,43.0,g,1
"CHINA, JAPAN, SOUTH EAST ASIA",Korma Curry Paste,9253,4.5,1kg,1,1.0,kg,1
"CHINA, JAPAN, SOUTH EAST ASIA",Mirin,4464,5.36,500ml,1,500.0,ml,1
"CHINA, JAPAN, SOUTH EAST ASIA",Prawn Crackers (Ready to Cook),4763,12.65,2kg,1,2.0,kg,1
"CHINA, JAPAN, SOUTH EAST ASIA",Rice Vermicelli Noodles,4307,2.13,250g,1,250.0,g,1
"CHINA, JAPAN, SOUTH EAST ASIA",Soy Sauce Dark,4274,4.76,1ltr,1,1.0,ltr,1
"CHINA, JAPAN, SOUTH EAST ASIA",Soy Sauce Light,4275,4.59,1ltr,1,1.0,ltr,1
"CHINA, JAPAN, SOUTH EAST ASIA",Spring Roll Pastry (Frozen),4487,3.4,"10x10""",10,10.0,in,1
"CHINA, JAPAN, SOUTH EAST ASIA",Tikka Paste,4272,5.95,1kg,1,1.0,kg,1
"CHINA, JAPAN, SOUTH EAST ASIA",Madras Curry Paste,9255,4.5,1kg,1,1.0,kg,1
"CHINA, JAPAN, SOUTH EAST ASIA",Teriyaki Marinade,4626,13.95,1.9ltr,1,1.9,ltr,1
"CHINA, JAPAN, SOUTH EAST ASIA",Udon Noodles Dry,4798,1.17,300g,1,300.0,g,1
VEGETABLES,Leeks,20056,8.58,5kg,1,5.0,kg,1
VEGETABLES,Courgettes,20086,14.27,5kg,1,5.0,kg,1
VEGETABLES,Asparagus,176,2.61,Bunch,1,,,1
VEGETABLES,Kale,340,13.59,250g,1,250.0,g,1
VEGETABLES,Pak Choi,168,11.99,10x2,2,,,1
VEGETABLES,Corn on the Cob (Cooked),171,22.31,12x2,2,,,1
VEGETABLES,Fennel,169,9.44,5kg,1,5.0,kg,1
VEGETABLES,Samphire Grass,115,14.3,1kg,1,1.0,kg,1
VEGETABLES,Mouli,110,22.16,15s,1,15.0,s,1
VEGETABLES,Okra,135,20.73,4kg,1,4.0,kg,1
VEGETABLES,Rainbow Chard,212,16.45,10x250g,10,250.0,g,1
VEGETABLES,Yellow Courgette,20087,12.58,5kg,1,5.0,kg,1
VEGETABLES,Jerusalem Artichoke,117,28.6,4.5kg,1,4.5,kg,1
VEGETABLES,Plantain,376,4.28,perkg,,,kg,1
VEGETABLES,Fenugreek (Methi),805,24.0,4kg,1,4.0,kg,1
VEGETABLES,Fresh Horseradish,111,40.04,per kg,,,kg,1
VEGETABLES,VEGETABLE BOX,163,14.99,,,,,1
"VEGETABLES, POTATOES",Mids - New Seaon,20030,10.72,10kg,1,10.0,kg,1
"VEGETABLES, POTATOES",Potatoes Jumbo Washed Whites,20028,20.02,25kg,1,25.0,kg,1
"VEGETABLES, POTATOES",Potatoes Baking,20021,14.3,40s,1,40.0,s,1
"VEGETABLES, POTATOES",Potatoes Baking,20022,14.4,50s,1,50.0,s,1
"VEGETABLES, POTATOES",Sweet Potatoes,20036,1.72,Per Kg,,,kg,1
"VEGETABLES, POTATOES",Potatoes Duchy Fries (Lovers),20001,11.65,20kg,1,20.0,kg,1
"VEGETABLES, POTATOES",Potatoes (Mucky),20007,10.01,25kg,1,25.0,kg,1
"VEGETABLES, POTATOES",PRE PACK RED POTATOES,20004,14.59,10x2kg,10,2.0,kg,1
"VEGETABLES, POTATOES",Potatoes - Reds,20003,26.45,25kg,1,25.0,kg,1
"VEGETABLES, POTATOES",Potatoes Baking,20023,13.59,60s,1,60.0,s,1
"VEGETABLES, MUSHROOMS",Mushroom Cup,121,7.29,2.27kg,1,2.27,kg,1
"VEGETABLES, MUSHROOMS",Mushroom Flat,124,6.51,1.8kg,1,1.8,kg,1
"VEGETABLES, MUSHROOMS",Mushroom Mixed Wild (Fresh),126,11.02,2x500g,2,500.0,g,1
"VEGETABLES, MUSHROOMS",Mushroom Button,120,7.44,2.27kg,1,2.27,kg,1
"VEGETABLES, MUSHROOMS",Mushrooms - Portabello,122,7.87,1.5kg,1,1.5,kg,1
"VEGETABLES, MUSHROOMS",Mushroom Chestnut,131,9.61,2.5kg,1,2.5,kg,1
"VEGETABLES, MUSHROOMS",Shitake Mushrooms,130,14.3,1kg,1,1.0,kg,1
"VEGETABLES, MUSHROOMS",Mushrooms Shimejii,7647,26.45,150g,1,150.0,g,1
"VEGETABLES, MUSHROOMS",Eryngii Mushrooms (King Oyster),133,34.32,4kg,1,4.0,kg,1
"VEGETABLES, MUSHROOMS",Mushroom Oyster,125,10.3,,,,,1
"VEGETABLES, MUSHROOMS",Button Chestnut Mushroom,186,13.3,3kg,1,3.0,kg,1
"VEGETABLES, MUSHROOMS",Enoki Mushrooms - 100g,132,12.87,10 x 100g,10,100.0,g,1
"VEGETABLES, MUSHROOMS",Morel Musrooms (Fresh),7645,64.35,1kg,1,1.0,kg,1
"VEGETABLES, BABY VEGETABLES",Baby Rainbow Carrots,308,3.29,200g,1,200.0,g,1
"VEGETABLES, BABY VEGETABLES",Baby Sweetcorn,172,12.15,12x 80g,12,80.0,g,1
"VEGETABLES, BABY VEGETABLES",Baby Leek,182,3.29,200g,1,200.0,g,1
"VEGETABLES, BABY VEGETABLES",Baby Fennel,183,3.29,200g,1,200.0,g,1
"VEGETABLES, BABY VEGETABLES",Baby Veg Beetroot,187,3.29,200g,1,200.0,g,1
"VEGETABLES, BABY VEGETABLES",Baby Courgettes,185,3.15,200g,1,200.0,g,1
"VEGETABLES, BABY VEGETABLES",Baby Carrot,180,3.15,200g,1,200.0,g,1
"VEGETABLES, BABY VEGETABLES",Baby Turnip,181,3.31,200g,1,200.0,g,1
"VEGETABLES, ONIONS, GARLIC & SHALLOTS",Onions Red,143,8.22,10kg,1,10.0,kg,1
"VEGETABLES, ONIONS, GARLIC & SHALLOTS",Spanish Onions,140,16.29,20kg,1,20.0,kg,1
"VEGETABLES, ONIONS, GARLIC & SHALLOTS",Peeled Garlic,899,4.22,1kg,1,1.0,kg,1
"VEGETABLES, ONIONS, GARLIC & SHALLOTS",Cooking Onions (New Season),141,10.28,18kg,1,18.0,kg,1
"VEGETABLES, ONIONS, GARLIC & SHALLOTS",Banana Shallots,137,7.51,4kg,1,4.0,kg,1
"VEGETABLES, ONIONS, GARLIC & SHALLOTS",Garlic,602,0.27,Bulb,1,,,1
"VEGETABLES, ONIONS, GARLIC & SHALLOTS",Garlic - String,600,5.16,string,1,,,1
"VEGETABLES, ONIONS, GARLIC & SHALLOTS",Garlic Net,601,17.02,4kg,1,4.0,kg,1
"VEGETABLES, ROOT VEGETABLES",Carrots,20090,6.24,10kg,1,10.0,kg,1
"VEGETABLES, ROOT VEGETABLES",Carrots Large,20092,7.15,10kg,1,10.0,kg,1
"VEGETABLES, ROOT VEGETABLES",Parsnips - New Season,20098,9.92,5kg,1,5.0,kg,1
"VEGETABLES, ROOT VEGETABLES",Celeriac,108,12.87,10kg,1,10.0,kg,1
"VEGETABLES, ROOT VEGETABLES",Chantenay Carrots - 5kg,20091,12.87,5kg,1,5.0,kg,1
"VEGETABLES, ROOT VEGETABLES",Swede,101,10.72,12.5kg,1,12.5,kg,1
"VEGETABLES, ROOT VEGETABLES",Heritage Carrots Mixed,9291,14.39,5kg,1,5.0,kg,1
"VEGETABLES, ROOT VEGETABLES",Bunch Carrot with Leaves,20041,14.87,,,,,1
"VEGETABLES, ROOT VEGETABLES",Turnip,104,11.44,5kg,1,5.0,kg,1
"VEGETABLES, PUMPKINS & SQUASH",Butternut Squash,20082,11.15,12'S,,,,1
"VEGETABLES, BRASSICA",Tender Stem Broccoli,175,2.0,200g,1,200.0,g,1
"VEGETABLES, BRASSICA",Cauliflower,20040,1.12,Each,1,,,1
"VEGETABLES, BRASSICA",Cabbage Savoy,20062,11.44,12s,1,12.0,s,1
"VEGETABLES, BRASSICA",Broccoli,20052,3.26,Per kg,,,kg,1
"VEGETABLES, BRASSICA",Cabbage Red,20068,9.29,10kg,1,10.0,kg,1
"VEGETABLES, BRASSICA",Cabbage White,20066,8.58,10kg,1,10.0,kg,1
"VEGETABLES, BRASSICA",Hispi Pointed Cabbage,20063,12.15,10s,1,10.0,s,1
"VEGETABLES, BRASSICA",Cabbage Spring,20061,10.72,12s,1,12.0,s,1
"VEGETABLES, BRASSICA",Cavolo Nero,1387,15.02,10x200g,10,200.0,g,1
"VEGETABLES, BRASSICA",Romanesco,20038,25.74,6s,1,6.0,s,1
"VEGETABLES, BRASSICA",Cabbage - Summer Primo,20060,11.44,8s,1,8.0,s,1
"VEGETABLES, BRASSICA",Purple kale,318,15.73,10x250g,10,250.0,g,1
"VEGETABLES, PEAS,BEANS & MANGETOUT",Fine beans,150,10.72,x 10,,,,1
"VEGETABLES, PEAS,BEANS & MANGETOUT",Sugar Snap Peas,159,12.87,1.5kg,1,1.5,kg,1
"VEGETABLES, PEAS,BEANS & MANGETOUT",Mange Tout,157,12.16,1.5kg,1,1.5,kg,1
"VEGETABLES, PEAS,BEANS & MANGETOUT",Fine Beans - Loose 1.5kg,151,9.63,1.5kg,1,1.5,kg,1
"VEGETABLES, BEETROOT",Beetroot (Long Life),384,13.59,12 x500g,12,500.0,g,1
"VEGETABLES, BEETROOT",Beetroot Fresh,113,11.86,10kg,1,10.0,kg,1
"VEGETABLES, BEETROOT",Beetroot Golden,170,9.29,5kg,1,5.0,kg,1
"VEGETABLES, BEETROOT",Beetroot - Candy,160,9.6,5kg,1,5.0,kg,1
"VEGETABLES, BEETROOT",Bunch Beetroot,9964,15.73,12s,1,12.0,s,1
FRUIT PUREE,Passion Fruit Puree,5732,12.95,1kg,1,1.0,kg,1
FRUIT PUREE,Raspberry Fruit Puree,5904,12.95,1kg,1,1.0,kg,1
FRUIT PUREE,Strawberry Fruit Puree,5903,9.95,1kg,1,1.0,kg,1
FRUIT PUREE,Mango Fruit Puree,5733,12.95,1kg,1,1.0,kg,1
FRUIT PUREE,Blood Orange Fruit Puree,5984,9.35,1kg,1,1.0,kg,1
FRUIT PUREE,Red Cherry Fruit Puree,5985,10.12,1kg,1,1.0,kg,1
FRUIT PUREE,Lemon Fruit Puree,5767,8.3,1kg,1,1.0,kg,1
"PASTA & RICE, RICE",Arborio Rice,4564,3.95,1kg,1,1.0,kg,1
"PASTA & RICE, RICE",Easy Cook Long Grain Rice,4376,11.95,5kg,1,5.0,kg,1
"PASTA & RICE, RICE",Rice Basmati,4453,16.95,5kg,1,5.0,kg,1
"PASTA & RICE, RICE",Wild Rice Red,4569,6.95,1kg,1,1.0,kg,1
"PASTA & RICE, RICE",Rice - Black,25498,3.58,454g,1,454.0,g,1
"PASTA & RICE, RICE",Thai Scented Rice (Jasmine),4570,6.65,2kg,1,2.0,kg,1
"PASTA & RICE, PASTA",Rigatoni Pasta,1929,51.99,24x500g,24,500.0,g,1
"PASTA & RICE, PASTA",Potato Gnocchi,8047,3.0,500g,1,500.0,g,1
"PASTA & RICE, PASTA",Penne Pasta,4607,4.95,3kg,1,3.0,kg,1
"PASTA & RICE, PASTA",Spaghetti Pasta,4484,1.65,500g,1,500.0,g,1
"PASTA & RICE, PASTA",Orzo Pasta,4566,1.65,500g,1,500.0,g,1
"PASTA & RICE, PASTA",Penne Pasta,4325,1.22,500g,1,500.0,g,1
"PASTA & RICE, PASTA",Linguine,4563,9.33,3kg,1,3.0,kg,1
"PASTA & RICE, PASTA",Macaroni,4609,7.45,3kg,1,3.0,kg,1
"PASTA & RICE, PASTA",Lasagne Sheets,45630,3.75,500g,1,500.0,g,1
"PASTA & RICE, PASTA",Pasta Shells,4327,6.12,3kg,1,3.0,kg,1
"PASTA & RICE, PASTA",Tagliatella Pasta,8044,25.0,12x500g,12,500.0,g,1
"PASTA & RICE, PASTA",Linguini Pasta,4565,1.67,500g,1,500.0,g,1
BAKERY,Hovis White,4711,1.54,800g,1,800.0,g,1
BAKERY,Hovis Wholemeal,4713,1.56,800g,1,800.0,g,1
BAKERY,Teacakes,4731,2.55,1x4,4,,,1
BAKERY,Yeast Fresh,4740,4.25,1kg,1,1.0,kg,1
BAKERY,Hovis White Loaf,4710,1.36,800g,1,800.0,g,1
BAKERY,White French Stick,4727,1.65,Each,1,,,1
BAKERY,Hovis Wholemeal Loaf,4712,1.56,800g,1,800.0,g,1
BAKERY,Fruit Scones,4744,2.45,1x4,4,,,1
BAKERY,Yeast (Dried),4543,5.95,500g,1,500.0,g,1
BAKERY,Brown French Stick,4739,1.7,Each,1,,,1
BAKERY,Hovis Granary,9857,1.86,800g,1,800.0,g,1
BAKERY,Plain Scones,4724,2.4,1x4,4,,,1
BAKERY,Cake Slice,4764,1.59,,,,,1
BAKERY,Cobs,1396,2.12,1x4,4,,,1
BAKERY,Hot Cross Buns,4768,2.52,1x4,4,,,1
BAKERY,Hovis Seeded,9858,1.86,800g,1,800.0,g,1
BAKERY,KIngs Mill 50/50,4761,1.56,800g,1,800.0,g,1
BAKERY,Sausage Roll (PRE ORDER),4730,1.59,"8""",1,8.0,in,1
"BAKERY, STEAMERS & TIN",Steamers White,4743,2.75,800g,1,800.0,g,1
"BAKERY, STEAMERS & TIN",Steamers White,4745,2.75,800g,1,800.0,g,1
"BAKERY, STEAMERS & TIN",Steamers Brown,4742,2.65,800g,1,800.0,g,1
"BAKERY, STEAMERS & TIN",Steamers Granary,4715,2.75,800g,1,800.0,g,1
"BAKERY, STEAMERS & TIN",Steamers Brown,4746,2.75,800g,1,800.0,g,1
"BAKERY, STEAMERS & TIN",Tin Loaf White,4747,2.3,800g,1,800.0,g,1
"BAKERY, STEAMERS & TIN",Tin Loaf Brown,4749,2.3,800g,1,800.0,g,1
"BAKERY, STEAMERS & TIN",Steamers Brown,4707,2.75,800g,1,800.0,g,1
"BAKERY, STEAMERS & TIN",Steamers Granary,4709,2.75,800g,1,800.0,g,1
"BAKERY, STEAMERS & TIN",Steamers Granary,4755,2.75,800g,1,800.0,g,1
"BAKERY, STEAMERS & TIN",Steamers White,4708,2.75,800g,1,800.0,g,1
"BAKERY, STEAMERS & TIN",Tin Loaf Brown,1544,2.03,800g,1,800.0,g,1
"BAKERY, STEAMERS & TIN",Tin Loaf Granary,4760,2.45,800g,1,800.0,g,1
"BAKERY, STEAMERS & TIN",Tin Loaf White,1543,1.92,800g,1,800.0,g,1
"BAKERY, BLOOMERS",Bloomer White,47161,2.35,800g,1,800.0,g,1
"BAKERY, BLOOMERS",Bloomer Brown,47501,2.55,800g,1,800.0,g,1
"BAKERY, BLOOMERS",Bloomer Granary,47511,2.6,800g,1,800.0,g,1
"BAKERY, BLOOMERS",Bloomer White,4716,2.35,800g,1,800.0,g,1
"BAKERY, BLOOMERS",Bloomer Granary,4751,2.6,800g,1,800.0,g,1
"BAKERY, BLOOMERS",Bloomer White,47162,2.35,800g,1,800.0,g,1
"BAKERY, BLOOMERS",Bloomer Brown,4750,2.55,800g,1,800.0,g,1
"BAKERY, BLOOMERS",Bloomer Brown,47502,2.55,800g,1,800.0,g,1
"BAKERY, BLOOMERS",Bloomer Granary,47512,2.6,800g,1,800.0,g,1
"BAKERY, COBBS, BAPS & DINNER ROLLS",Soft White Torpedo,4721,0.63,Each,1,,,1
"BAKERY, COBBS, BAPS & DINNER ROLLS",Cobs,4720,2.75,6s,1,6.0,s,1
"BAKERY, COBBS, BAPS & DINNER ROLLS",Dinner Rolls,4722,2.55,6s,1,6.0,s,1
"BAKERY, COBBS, BAPS & DINNER ROLLS",White Finger Rolls,4726,2.75,6s,1,6.0,s,1
"BAKERY, COBBS, BAPS & DINNER ROLLS",Baps,4718,2.25,4s,1,4.0,s,1
"BAKERY, COBBS, BAPS & DINNER ROLLS",Cobs,4698,2.95,6s,1,6.0,s,1
"BAKERY, COBBS, BAPS & DINNER ROLLS",Cocktail Rolls,4748,2.5,6s,1,6.0,s,1
"BAKERY, COBBS, BAPS & DINNER ROLLS",Baps,4719,2.35,4s,1,4.0,s,1
"BAKERY, COBBS, BAPS & DINNER ROLLS",Cobs,4732,2.9,6s,1,6.0,s,1
"BAKERY, COBBS, BAPS & DINNER ROLLS",Dinner Rolls,4723,2.55,6s,1,6.0,s,1
CAKES & CRACKERS,Biscuits for Cheese,4471,9.95,800g,1,800.0,g,1
CAKES & CRACKERS,Digestive Biscuits,9286,14.23,300g,1,300.0,g,1
CAKES & CRACKERS,Hills Mini pack 3 Biscuit Assortment,184,18.23,1x100,100,,,1
FROZEN FOODS,Frozen Ice Cubes,8049,1.95,2kg,1,2.0,kg,1
FROZEN FOODS,Macaron Assorted,591,16.87,1x36,36,,,1
FROZEN FOODS,Frozen Yorkshire Puddings,8025,12.95,"60x4""",60,4.0,in,1
FROZEN FOODS,"Pizza Bases 12"" (thin round)",9736,21.85,1x16,16,,,1
FROZEN FOODS,Quorn Vegan Sausages (40x50g),164,15.64,2kg,1,2.0,kg,1
FROZEN FOODS,Blinis 5.5cm (Frozen),9635,38.65,1x235,235,,,1
FROZEN FOODS,Kaffir Lime Leaves (FROZEN),20006,2.09,100g,1,100.0,g,1
FROZEN FOODS,Filo Pastry,1068,3.11,470g,1,470.0,g,1
FROZEN FOODS,Tortillas,8022,29.85,"10x10x12""",,,,1
FROZEN FOODS,Falafel Bites 22g,9178,29.47,2x1kg,2,1.0,kg,1
FROZEN FOODS,Frozen Nduja Piccante,8052,8.6,500g,1,500.0,g,1
FROZEN FOODS,Guacomole,4203,4.45,500g,1,500.0,g,1
FROZEN FOODS,Nutless Roast Slice,1492,34.85,1x16,16,,,1
FROZEN FOODS,Frozen Bao Buns,8801,35.27,60x50g,60,50.0,g,1
"FROZEN FOODS, FROZEN BAKERY",Frozen Ciabatta,8019,18.95,40x120g,40,120.0,g,1
"FROZEN FOODS, FROZEN BAKERY",Focaccia Rosemary & Garlic,1724,35.45,1x8,8,,,1
"FROZEN FOODS, FROZEN BAKERY",Frozen Brioche Buns -,8021,23.99,45x4.5'',,,,1
"FROZEN FOODS, FROZEN BAKERY",Frozen White Panini,8026,13.5,30x135g,30,135.0,g,1
"FROZEN FOODS, FROZEN BAKERY",Bagels (Plain),3265,17.75,48x115g,48,115.0,g,1
"FROZEN FOODS, FROZEN BAKERY",Frozen Breakfast Muffins,4734,16.95,6x8,8,,,1
"FROZEN FOODS, FROZEN BAKERY",Gluten Free White Sliced Sandwich Loaf,1946,28.79,6 x 535g,6,535.0,g,1
"FROZEN FOODS, FROZEN BAKERY",Mediterranean Tomato Bread (Unsliced),9464,37.0,8x600g,8,600.0,g,1
"FROZEN FOODS, FROZEN BAKERY",American Style Pancakes,1764,36.49,1x120,120,,,1
"FROZEN FOODS, FROZEN BAKERY",Croissant (Butter),4753,39.5,1X100,100,,,1
"FROZEN FOODS, FROZEN BAKERY",Lebanese Flatbreads,1939,39.11,"140x8""",140,8.0,in,1
"FROZEN FOODS, FROZEN BAKERY",Rustic Sourdough Rolls,2078,42.0,40x100g,40,100.0,g,1
"FROZEN FOODS, FROZEN BAKERY",Naan Bread Garlic & Coriander (Mini),9672,18.08,80x35g,80,35.0,g,1
"FROZEN FOODS, FROZEN BAKERY","Burger Buns (Charcoal, Seeded)",4729,23.4,1x30,30,,,1
"FROZEN FOODS, FROZEN BAKERY",Frozen White Baguettes,8046,10.5,30 x 135g,30,135.0,g,1
"FROZEN FOODS, FROZEN BAKERY",Pitta Bread (Pre Order),9259,21.14,24x6,6,,,1
"FROZEN FOODS, FROZEN BAKERY",Crumpets (Frozen),4733,2.04,1x6,6,,,1
"FROZEN FOODS, FROZEN BAKERY",Frozen Floured Baps,8045,16.99,"40x5""",40,5.0,in,1
"FROZEN FOODS, FROZEN BAKERY",Frozen - Brioche Hot Dog Roll,8067,23.95,36x95g,36,95.0,g,1
"FROZEN FOODS, FROZEN BAKERY",Garlic & Herb Bread Slice,75623,19.33,1x150,150,,,1
"FROZEN FOODS, FROZEN BAKERY",Pain AU Chocolate,590,32.65,80x75g,80,75.0,g,1
"FROZEN FOODS, FROZEN BAKERY",Petit Pain White Rolls,1974,11.23,70x55g,70,55.0,g,1
"FROZEN FOODS, FROZEN BAKERY",Frozen Bakers Baskets,8073,28.5,9x6,6,,,1
"FROZEN FOODS, FROZEN BAKERY",Gluten Free Sliced Brown Loaves,4537,37.95,6x430gm,6,430.0,gm,1
"FROZEN FOODS, FROZEN BAKERY",Pain Au Raisin,4758,32.95,66x96gm,66,96.0,gm,1
"FROZEN FOODS, FROZEN BAKERY",Petit Pain Brown Rolls,1977,12.66,70x55g,70,55.0,g,1
"FROZEN FOODS, FROZEN VEGETABLES",Frozen Peas -,8000,1.55,907g,1,907.0,g,1
"FROZEN FOODS, FROZEN VEGETABLES",Frozen Cauliflower Florets,8006,1.99,1kg,1,1.0,kg,1
"FROZEN FOODS, FROZEN VEGETABLES",Frozen Whole Green Beans,8007,1.49,1kg,1,1.0,kg,1
"FROZEN FOODS, FROZEN VEGETABLES",Frozen Silverskin Onions,8003,4.25,907g,1,907.0,g,1
"FROZEN FOODS, FROZEN VEGETABLES",Frozen Sweetcorn,8011,2.6,907g,1,907.0,g,1
"FROZEN FOODS, FROZEN VEGETABLES",Frozen Broccoli Florets,8004,1.89,1kg,1,1.0,kg,1
"FROZEN FOODS, FROZEN VEGETABLES",Frozen Broad Beans,9674,2.02,907g,1,907.0,g,1
"FROZEN FOODS, FROZEN VEGETABLES",Edamame Beans,4908,2.57,500g,1,500.0,g,1
"FROZEN FOODS, FROZEN VEGETABLES",Frozen Baton Carrot,8012,1.15,1kg,1,1.0,kg,1
"FROZEN FOODS, FROZEN VEGETABLES",Edamame Bean in Pod,4907,2.45,500g,1,500.0,g,1
"FROZEN FOODS, FROZEN VEGETABLES",Frozen 10ml Diced White Onions 10kg,8048,14.95,10kg,1,10.0,kg,1
"FROZEN FOODS, FROZEN VEGETABLES",Frozen Mixed peppers (Diced),8072,22.0,10kg,1,10.0,kg,1
"FROZEN FOODS, FROZEN VEGETABLES",Frozen Mixed Vegetables,8010,1.35,907g,1,907.0,g,1
"FROZEN FOODS, FROZEN VEGETABLES",Frozen Sliced Carrots,8014,1.45,907g,1,907.0,g,1
"FROZEN FOODS, FROZEN VEGETABLES",Frozen Sprouts,8023,4.75,2.5kg,1,2.5,kg,1
"FROZEN FOODS, FROZEN BERRIES",Frozen Mixed Berries,8005,6.99,1kg,1,1.0,kg,1
"FROZEN FOODS, FROZEN BERRIES",Frozen Blueberries,4735,4.95,1kg,1,1.0,kg,1
"FROZEN FOODS, FROZEN BERRIES",Strawberries (Frozen),413,5.23,1kg,1,1.0,kg,1
"FROZEN FOODS, FROZEN BERRIES",Frozen Black Berries,1074,5.63,1kg,1,1.0,kg,1
"FROZEN FOODS, FROZEN BERRIES",Frozen Mango Chunks,16398,4.85,1kg,1,1.0,kg,1
"FROZEN FOODS, FROZEN CHIPS & POTATOES",Frozen Chips XXL,7992,24.0,4x2.5Kilo,4,2.5,Kilo,1
"FROZEN FOODS, FROZEN CHIPS & POTATOES",Koffmans skin on fries 10mm,1928,24.0,4x2kg,4,2.0,kg,1
"FROZEN FOODS, FROZEN CHIPS & POTATOES",Frozen Hash Browns,8001,8.5,2.5kg,1,2.5,kg,1
"FROZEN FOODS, FROZEN CHIPS & POTATOES",Frozen Mash Pellets,9264,7.1,2.5kg,1,2.5,kg,1
"FROZEN FOODS, FROZEN CHIPS & POTATOES",Frozen Roast Potatoes -,8020,7.55,2.5kg,1,2.5,kg,1
"FROZEN FOODS, FROZEN CHIPS & POTATOES",Frozen Chips 3/8,8016,4.4,2.5kg,1,2.5,kg,1
"FROZEN FOODS, FROZEN CHIPS & POTATOES",Frozen Steak Chips,8017,4.4,2.5kg,1,2.5,kg,1
"FROZEN FOODS, FROZEN CHIPS & POTATOES",Frozen Spicy Potato Wedges,8018,7.65,2.5kg,1,2.5,kg,1
"FROZEN FOODS, ICE CREAM & SORBET",Ice Cream - Double Cream Vanilla,8031,4.55,4 ltr,1,4.0,ltr,1
"FROZEN FOODS, ICE CREAM & SORBET",Ice Cream - Chocolate,8032,4.55,4ltr,1,4.0,ltr,1
"FROZEN FOODS, ICE CREAM & SORBET",Ice Cream - Strawberry,8042,4.55,4ltr,1,4.0,ltr,1
"FROZEN FOODS, ICE CREAM & SORBET",Sorbet - Coconut,8040,19.95,2.5lt,1,2.5,lt,1
"FROZEN FOODS, FROZEN PUDDINGS & DESSERTS",Gills GF Raspberry Bakewell,1964,17.95,12ptn,1,12.0,ptn,1
"FROZEN FOODS, FROZEN PUDDINGS & DESSERTS",Clotted Cream Portions,19476,24.95,24x28g,24,28.0,g,1
"FROZEN FOODS, FROZEN PUDDINGS & DESSERTS",Gills - Bailys & White Choclate Cheese Cake,20029,23.2,14ptn,1,14.0,ptn,1
"FROZEN FOODS, DERBYSHIRE PIE & CO",Steak & Ale Pie,9763,34.95,,,,,1
"FROZEN FOODS, DERBYSHIRE PIE & CO",Chicken Ham & White Wine Pie,9963,34.95,,,,,1
"FROZEN FOODS, DERBYSHIRE PIE & CO",Cheese & Onion Pie,1957,31.92,,,,,1
"FROZEN FOODS, DERBYSHIRE PIE & CO",Manchester Meat & Potato Pie,9545,34.95,,,,,1
"FROZEN FOODS, DERBYSHIRE PIE & CO",Saag Aloo Pie,1951,42.42,1x12,12,,,1
"STOCKS, SAUCES & GRAVY",Gravy Granules Beef,4620,14.75,25ltr Yiel,,,,1
"STOCKS, SAUCES & GRAVY",Knorr Gluten Free Gravy Granules,3256,18.5,25ltr,1,25.0,ltr,1
"STOCKS, SAUCES & GRAVY",Vegetable Bouillon Paste,8767,8.31,1kg,1,1.0,kg,1
"STOCKS, SAUCES & GRAVY",Beef Bouillon Paste,476,8.31,1kg,1,1.0,kg,1
"STOCKS, SAUCES & GRAVY",Bisto - Gravy Granules For Poultry (Chicken),4629,16.95,1.8 kg,1,1.8,kg,1
"STOCKS, SAUCES & GRAVY",Hollandaise Sauce,46201,7.95,1ltr,1,1.0,ltr,1
"STOCKS, SAUCES & GRAVY",Harissa Paste,4271,2.81,380g,1,380.0,g,1
"STOCKS, SAUCES & GRAVY",Gravy Browning,4623,9.95,1.2kg,1,1.2,kg,1
"STOCKS, SAUCES & GRAVY",Thickend Veal Jus Powder,9074,22.52,1020g,1,1020.0,g,1
"STOCKS, SAUCES & GRAVY",Chicken Bouillon Paste,8676,8.31,1kg,1,1.0,kg,1
"STOCKS, SAUCES & GRAVY",Brown Sauce Sachets,9487,6.88,200x10g,200,10.0,g,1
"STOCKS, SAUCES & GRAVY",Demi Glace Powder,46200,22.5,2kg,1,2.0,kg,1
"STOCKS, SAUCES & GRAVY",Demi Glace Powder (30 Ltr),8675,14.8,980g,1,980.0,g,1
"STOCKS, SAUCES & GRAVY",Fish Stock Powder (60 Ltr),8678,22.74,900g,1,900.0,g,1
"STOCKS, SAUCES & GRAVY",Knorr Gluten Free Poultry Gravy,3257,22.08,25ltr,1,25.0,ltr,1
"STOCKS, SAUCES & GRAVY",Szechuan Sauce,4269,13.52,2.32kg,1,2.32,kg,1
BEVERAGE,Apple Juice,5707,18.7,12 x1ltr,12,1.0,ltr,1
BEVERAGE,Orange Juice,5706,2.45,1ltr,1,1.0,ltr,1
BEVERAGE,Pineapple Juice,9659,22.61,12 x1Ltr,12,1.0,Ltr,1
BEVERAGE,Still Water,5723,6.74,24x500ml,24,500.0,ml,1
BEVERAGE,Coffee Granules,9157,26.67,750g,1,750.0,g,1
BEVERAGE,Cranberry Juice,9327,1.28,1ltr,1,1.0,ltr,1
BEVERAGE,Cadbury Hot Chocolate (Add Milk),4328,17.95,2kg,1,2.0,kg,1
BEVERAGE,Carrot Juice,9098,3.26,1ltr,1,1.0,ltr,1
BEVERAGE,Teabags,1089,26.7,1100,,,,1
BEVERAGE,Lotus Caramelised Coffee Biscuits,18476,17.43,1x300,300,,,1
BEVERAGE,Beetroot Juice,9097,3.86,1Ltr,1,1.0,Ltr,1
BEVERAGE,Coffee Sachets,1856,23.95,1x200,200,,,1
BEVERAGE,Twinings English Breakfast Tea tagged Bags,4641,11.0,1x100,100,,,1
NONE FOOD,Nitrile Blue Gloves,9211,3.46,100's,,,,1
NONE FOOD,Cling Film,6001,9.25,450mmx300m,,,,1
NONE FOOD,Tin Foil,6000,9.95,300mmx75m,,,,1
NONE FOOD,Bin Bags Heavy Duty 18x29x39,6666,22.08,200s,1,200.0,s,1
NONE FOOD,Non Stick Baking Paper,6002,8.95,50m,1,50.0,m,1
NONE FOOD,Food Prep Labels,4769,7.95,Each,1,,,1
NONE FOOD,Allergen labels,8937,7.82,1 x500,500,,,1
NONE FOOD,Disposable Piping Bags,6010,13.2,x100,,,,1
NONE FOOD,Andrex Toilet Tissue,6003,5.49,1x9rolls,1,9.0,rolls,1
NONE FOOD,Smoking woodchips (Oak),363,2.57,1kg,1,1.0,kg,1
NONE FOOD,Muslin Cloth,401,14.66,1x10,10,,,1
NONE FOOD,Smoking woodchips (Beech),138,2.57,1kg,1,1.0,kg,1
NONE FOOD,Blitz Kitchen Towel (100 Sheets),6006,3.69,1x100,100,,,1
NONE FOOD,Wooden Forks (155mm),26748,1.49,1 x100,100,,,1
NONE FOOD,Acetate Roll,404,8.51,20m x 45mm,,,,1
"NONE FOOD, CLEANING MATERIALS",Blue Roll,6017,7.14,1x6,6,,,1
"NONE FOOD, CLEANING MATERIALS",sponge Scourers,8028,3.5,,,,,1
"NONE FOOD, CLEANING MATERIALS",Mop & Brush Handle (Yellow),100008,3.53,,,,,1
"NONE FOOD, CLEANING MATERIALS",Mop Head (Yellow),100002,3.29,,,,,1
"NONE FOOD, CLEANING MATERIALS",Mop Head (Blue),100013,1.29,,,,,1
"NONE FOOD, CLEANING MATERIALS",Brush Head Soft (Yellow),100011,4.29,,,,,1
"NONE FOOD, CLEANING MATERIALS",Dust pan & Brush (Yellow),100016,2.16,,,,,1
"NONE FOOD, CLEANING MATERIALS",Mop Bucket (Yellow),10005,6.58,,,,,1
"NONE FOOD, CLEANING MATERIALS",Mop Head (Green),100003,1.29,,,,,1
"NONE FOOD, CLEANING MATERIALS",Mop Head (Red),100001,3.06,,,,,1
"NONE FOOD, CLEANING MATERIALS",Mop & Brush Handle (Blue),100014,3.29,,,,,1
"NONE FOOD, CLEANING MATERIALS",Mop & Brush Handle (Green ),100009,3.29,,,,,1
"NONE FOOD, CLEANING MATERIALS",Brush Head Soft (Green),10013,4.93,,,,,1
"NONE FOOD, CLEANING MATERIALS",Brush Head Soft (Red),100010,4.93,,,,,1
"NONE FOOD, CLEANING MATERIALS",Dust Pan & Brush (Green),100017,1.58,,,,,1
"NONE FOOD, CLEANING MATERIALS",Dust Pan & Brush (Red),100015,3.03,,,,,1
"NONE FOOD, CLEANING MATERIALS",Mop & Brush Handle (Red),10007,3.29,,,,,1
"NONE FOOD, CLEANING MATERIALS",Mop Bucket (Blue),100012,4.85,,,,,1
"NONE FOOD, CLEANING MATERIALS",Mop Bucket (Green),10006,4.85,,,,,1
"NONE FOOD, CLEANING MATERIALS",Mop Bucket (Red),10004,4.86,,,,,1
"NONE FOOD, CLEANING MATERIALS",Wet Floor Sign,440,6.62,Each,1,,,1
RETAIL,Tuna Chunks In Brine Tin,4480,40.0,800g,1,800.0,g,1
RETAIL,Fairy Liquid Original,6004,1.45,320ML,1,320.0,ML,1
RETAIL,Heinz Baked Beans 415g,4652,1.55,415g,1,415.0,g,1
RETAIL,Heinz Tomato Ketchup 342g (Squeezy),4482,2.74,,,,,1
RETAIL,Cornflakes,4630,3.29,500g,1,500.0,g,1
RETAIL,R.Whites Lemonade,6014,1.31,1.5litre,1,1.5,litre,1
RETAIL,Tilda Easy Cook Long Grain Rice 500g,4638,1.28,500g,1,500.0,g,1
RETAIL,Colman's English Mustard,4330,1.7,100g,1,100.0,g,1
RETAIL,Rice Krispies,365,5.13,430g,1,430.0,g,1
RETAIL,Colman's Bramley Apple Sauce,4334,1.35,155g,1,155.0,g,1
RETAIL,Colman's Classic Mint Sauce,4335,1.45,165g,1,165.0,g,1
RETAIL,Cranberry Sauce,4331,2.95,250g,1,250.0,g,1
RETAIL,HP Brown Sauce 285g,4481,2.45,285g,1,285.0,g,1
RETAIL,Nestle Shreddies 460g,4631,4.83,460g,1,460.0,g,1
RETAIL,Oil Vegetable,4604,3.88,1ltr,1,1.0,ltr,1
RETAIL,Orange Marmalde 340g,4634,3.79,340g,1,340.0,g,1
RETAIL,Radox Liquid Handwash 250ml,6005,1.24,250ml,1,250.0,ml,1
RETAIL,Tortilla Crisp (salted),9847,34.83,12x500g,12,500.0,g,1
RETAIL,Weetabix,4628,4.71,24s,1,24.0,s,1
SALADS,Cucumber,354,0.67,,,,,1
SALADS,Spring Onions,357,0.59,Bunch,1,,,1
SALADS,Celery,351,0.93,Each,1,,,1
SALADS,Aubergine,381,20.0,5kg,1,5.0,kg,1
SALADS,Avocados,380,1.07,Each,1,,,1
SALADS,Radish,386,8.72,20s,1,20.0,s,1
SALADS,Salad Cress,374,3.58,16's,,,,1
SALADS,Chicory Lettuce,324,12.87,5kg,1,5.0,kg,1
SALADS,Red Pepper (Pointed),9529,15.34,4kg,1,4.0,kg,1
SALADS,Red Chard,323,4.08,500g,1,500.0,g,1
SALADS,SALAD BOX,327,10.01,,,,,1
SALADS,Salsify,350,4.58,1kg,1,1.0,kg,1
"SALADS, TOMATOES",Tomatoes,300,10.72,6kg,1,6.0,kg,1
"SALADS, TOMATOES",Red Cherry Tomatoes,307,9.15,x 9,,,,1
"SALADS, TOMATOES",Beef Tomatoes,305,13.55,6.5kg,1,6.5,kg,1
"SALADS, TOMATOES",Cherry on the Vine Tomatoes,302,14.88,3kg,1,3.0,kg,1
"SALADS, TOMATOES",Tomatoes Plum,311,13.8,5kg,1,5.0,kg,1
"SALADS, TOMATOES",Vine Tomatoes,313,9.17,5kg,1,5.0,kg,1
"SALADS, TOMATOES",Heritage Tomatoes,298,17.19,3kg,1,3.0,kg,1
"SALADS, TOMATOES",Yellow Cherry Tomatoes,309,22.88,250g,1,250.0,g,1
"SALADS, SALAD LEAF",Mixed Baby Leaves,337,2.84,500g,1,500.0,g,1
"SALADS, SALAD LEAF",Little Gem Lettuce,322,1.09,2S,1,2.0,S,1
"SALADS, SALAD LEAF",Rocket,321,2.89,500g,1,500.0,g,1
"SALADS, SALAD LEAF",Leafy Salad,297,3.5,500g,1,500.0,g,1
"SALADS, SALAD LEAF",Spinach Packet,166,1.24,200g,1,200.0,g,1
"SALADS, SALAD LEAF",Iceberg Lettuce,315,1.43,,,,,1
"SALADS, SALAD LEAF",Cos Lettuce,341,0.93,,,,,1
"SALADS, SALAD LEAF",Lollo Rosso Lettuce,330,1.2,Each,1,,,1
"SALADS, SALAD LEAF",Water Cress,373,1.18,100g,1,100.0,g,1
"SALADS, SALAD LEAF",Radicchio,345,1.11,Each,1,,,1
"SALADS, SALAD LEAF",Oakleaf Lettuce,332,1.37,Each,1,,,1
"SALADS, SALAD LEAF",Curly Endive,334,2.5,,,,,1
"SALADS, SALAD LEAF",Lambs Ear Lettuce,326,1.61,100g,1,100.0,g,1
"SALADS, SALAD LEAF",Chinese Leaf,343,13.38,8's,,,,1
"SALADS, SALAD LEAF",Mizzuna - - 500 g,325,3.99,500g,1,500.0,g,1
"SALADS, PEPPERS & CHILLIS",Red Peppers,360,12.94,5kg,1,5.0,kg,1
"SALADS, PEPPERS & CHILLIS",Yellow Peppers,364,12.34,5kg,1,5.0,kg,1
"SALADS, PEPPERS & CHILLIS",Green Peppers,362,12.56,5kg,1,5.0,kg,1
"SALADS, PEPPERS & CHILLIS",Red Chilli's,369,16.37,3kg,1,3.0,kg,1
"SALADS, PEPPERS & CHILLIS",Green Chilli's,372,15.53,3kg,1,3.0,kg,1
"SALADS, PEPPERS & CHILLIS",Padron Green Peppers,359,14.3,2kg,1,2.0,kg,1
"SALADS, PEPPERS & CHILLIS",Habanero Chilli,352,11.15,2kg,1,2.0,kg,1
"SALADS, PEPPERS & CHILLIS",Jalapeno Pepper,358,18.18,per kg,,,kg,1
"SALADS, PEPPERS & CHILLIS",Romano Peppers (Pointed),368,12.46,4kg,1,4.0,kg,1
"SALADS, PEPPERS & CHILLIS",Carolina Reaper Chilli,388,25.74,8 x50g,8,50.0,g,1
"SALADS, PEPPERS & CHILLIS",Green Birdseye Chilli,371,15.73,1kg,1,1.0,kg,1
"SALADS, PEPPERS & CHILLIS",Jalapeno Green,3599,9.29,2kg,1,2.0,kg,1
MELECULAR GASTRONOMY,Freshburst Pearls Balsamic,4982,22.5,100g,1,100.0,g,1
MELECULAR GASTRONOMY,Popping Rinds Pieces,4800,28.05,1kg,1,1.0,kg,1
MELECULAR GASTRONOMY,Freshburst Pearls Passion Fruit,4984,22.95,200g,1,200.0,g,1
MELECULAR GASTRONOMY,Ultratex,4892,19.95,800g,1,800.0,g,1
MELECULAR GASTRONOMY,Smoked Maltodextrin Powder,4741,16.25,200g,1,200.0,g,1
MELECULAR GASTRONOMY,Freshburst Pearls Sweet Beetroot,4983,12.48,100g,1,100.0,g,1
MELECULAR GASTRONOMY,Gastropaint Blueberry,4988,8.84,150g,1,150.0,g,1
MELECULAR GASTRONOMY,Gastropaint Rhubarb & Custard,4986,8.84,150g,1,150.0,g,1
MELECULAR GASTRONOMY,Agar Agar,4804,24.95,300g,1,300.0,g,1
MELECULAR GASTRONOMY,Carrageenan Iota,1197,21.44,200g,1,200.0,g,1
MELECULAR GASTRONOMY,Freshburst Pearls Mango,4985,22.95,200g,1,200.0,g,1
MELECULAR GASTRONOMY,Sosa Moltose,4891,31.4,500g,1,500.0,g,1
MELECULAR GASTRONOMY,Sosa Pectin (yellow),4894,28.34,500g,1,500.0,g,1
MELECULAR GASTRONOMY,Sosa Xanthem Gum,4893,22.88,500g,1,500.0,g,1
HERBS,Basil,621,2.06,100g,1,100.0,g,1
HERBS,Coriander,608,1.56,100g,1,100.0,g,1
HERBS,Chives,610,2.02,100g,1,100.0,g,1
HERBS,Thyme,617,1.7,100g,1,100.0,g,1
HERBS,Mint,613,1.59,100g,1,100.0,g,1
HERBS,Rosemary,614,1.87,100g,1,100.0,g,1
HERBS,Parsley (Curly),606,2.4,250g,1,250.0,g,1
HERBS,Dill,611,1.77,100g,1,100.0,g,1
HERBS,Parsley flat,607,1.74,Bunch,1,,,1
HERBS,Tarragon,616,2.02,100g,1,100.0,g,1
HERBS,Sage,622,1.7,100g,1,100.0,g,1
HERBS,Ginger Root,604,20.73,10kg,1,10.0,kg,1
HERBS,Lemon Grass,620,1.19,Bunch,1,,,1
HERBS,Chervil,609,1.62,100g,1,100.0,g,1
HERBS,Lemon Thyme,627,1.86,100g,1,100.0,g,1
HERBS,Oregano,624,2.02,100g,1,100.0,g,1
HERBS,Bay Leaf (Dried),626,3.53,30g,1,30.0,g,1
HERBS,Sorrel,615,1.9,100g,1,100.0,g,1
HERBS,Fresh Thai Basil,630,2.4,100g,1,100.0,g,1
HERBS,Marjoram,605,1.57,100g,1,100.0,g,1
HERBS,Bronze Fennel,107,2.29,50g,1,50.0,g,1
MICRO HERBS,Pea Shoots 100g,319,1.45,100g,1,100.0,g,1
MICRO HERBS,Micro Red Amaranth,303,2.29,25g,1,25.0,g,1
MICRO HERBS,Edible Flowers,612,2.86,,,,,1
MICRO HERBS,Micro Lemon Balm,366,2.29,15g,1,15.0,g,1
MICRO HERBS,Micro Parsley,356,2.13,25g,1,25.0,g,1
MICRO HERBS,Micro Coriander,301,2.29,30g,1,30.0,g,1
MICRO HERBS,Micro Water Cress,291,2.29,30g,1,30.0,g,1
MICRO HERBS,Micro Mint,312,2.29,20g,1,20.0,g,1
MICRO HERBS,Micro mixed leaf Salad ( Rainbow),128,2.34,30g,1,30.0,g,1
MICRO HERBS,Micro Basil,317,2.18,30g,1,30.0,g,1
MICRO HERBS,Micro Red Vein Sorrel,314,2.29,20g,1,20.0,g,1
MICRO HERBS,Micro Rocket,333,2.29,30g,1,30.0,g,1
MICRO HERBS,Nasturtium Leaf,7880,2.71,,,,,1
MICRO HERBS,Micro Purple Basil,367,2.29,30g,1,30.0,g,1
MICRO HERBS,Micro Radish Pink Stem,389,2.29,30g,1,30.0,g,1
MICRO HERBS,Micro Fennel,355,2.29,30g,1,30.0,g,1
MICRO HERBS,Micro Red Pak Choi,336,2.29,30g,1,30.0,g,1
MICRO HERBS,Micro Garlic chives,329,2.29,30g,1,30.0,g,1
MICRO HERBS,Micro Purple Shiso,304,2.29,20g,1,20.0,g,1
MICRO HERBS,Micro Mizuna,316,2.29,30g,1,30.0,g,1
MICRO HERBS,Micro Red Chard,328,2.29,30g,1,30.0,g,1
MICRO HERBS,Micro Apple Blossom,4254,3.95,,,,,1
MICRO HERBS,Micro Red Mustard,338,2.29,30g,1,30.0,g,1
MICRO HERBS,Oyster Leaf,8964,2.29,Punnet,1,,,1
MICRO HERBS,Sakura Mix,346,12.87,Box,1,,,1
MICRO HERBS,Micro Greek Cress,306,2.29,30g,1,30.0,g,1
MICRO HERBS,Micro Tarragon,383,2.39,20g,1,20.0,g,1
MICRO HERBS,Afilla Cress,348,7.43,Box,1,,,1
MICRO HERBS,Micro Borage Flowers (White),10001,4.65,,,,,1
MICRO HERBS,Micro Celery,335,2.29,25g,1,25.0,g,1
MICRO HERBS,Micro Jasmin,292,12.87,,,,,1
"FRUIT, APPLES",Red Apples,406,28.83,18kg,1,18.0,kg,1
"FRUIT, APPLES",Apples Golden Delicious,411,23.7,12kg,1,12.0,kg,1
"FRUIT, APPLES",Granny Smith,414,27.18,12kg,1,12.0,kg,1
"FRUIT, APPLES",Bramley Apples,421,0.29,Each,1,,,1
"FRUIT, APPLES",Bramley Cooking Apples,420,17.3,12kg,1,12.0,kg,1
"FRUIT, APPLES",Pink Lady Apples,583,33.27,13kg,1,13.0,kg,1
"FRUIT, CITRUS",Lemon,456,0.32,Each,1,,,1
"FRUIT, CITRUS",Lime,459,0.15,Each,1,,,1
"FRUIT, CITRUS",Orange,436,25.42,100s,1,100.0,s,1
"FRUIT, CITRUS",Orange Large,431,22.23,54,,,,1
"FRUIT, CITRUS",Grapefruit Pink,454,0.61,Each,1,,,1
"FRUIT, CITRUS",Clementines,441,22.16,10kg,1,10.0,kg,1
"FRUIT, BERRIES",Strawberries Punnet,491,3.86,,,,,1
"FRUIT, BERRIES",Raspberries,498,2.9,125g,1,125.0,g,1
"FRUIT, BERRIES",Blueberry,510,2.09,125g,1,125.0,g,1
"FRUIT, BERRIES",Blackberry,501,3.3,125g,1,125.0,g,1
FRUIT,Banana's,475,26.23,18kg,1,18.0,kg,1
FRUIT,Grapes Flame,486,25.74,10x500g,10,500.0,g,1
FRUIT,Pineapple,528,1.86,Each,1,,,1
FRUIT,Passion Fruit,535,19.14,Box,1,,,1
FRUIT,Pears,460,17.88,12kg,1,12.0,kg,1
FRUIT,Melon Honeydew,550,2.86,Each,1,,,1
FRUIT,Water Melon,576,1.66,Each,1,,,1
FRUIT,Grapes Green,481,25.74,10x500g,10,500.0,g,1
FRUIT,Kiwi Fruit,524,0.57,Each,1,,,1
FRUIT,Canteloupe Melon,567,2.57,Each,1,,,1
FRUIT,Mango,520,1.72,Each,1,,,1
FRUIT,Figs (Fresh),517,0.67,Each,1,,,1
FRUIT,Galia Melon,561,2.75,Each,1,,,1
FRUIT,Pomegranate,425,1.16,Each,1,,,1
FRUIT,Plums (Fruit),541,17.3,5kg,1,5.0,kg,1
FRUIT,Peach,545,0.57,Each,1,,,1
FRUIT,Cherries,515,14.3,,,,,1
FRUIT,Dragon Fruit (Pitayas) x 9,9878,57.2,,,,,1
FRUIT,Papaya (Pawpaw),522,3.99,Box,1,,,1
FRUIT,Physalis (Chinese Lantern),625,17.72,12s,1,12.0,s,1
FRUIT,Chestnuts Cooked 400 g,579,5.03,400g,1,400.0,g,1
FRUIT,Coconuts,582,1.84,,,,,1
FRUIT,Apricots,539,14.3,5kg,1,5.0,kg,1
FRUIT,Chestnuts,580,14.3,5kg,1,5.0,kg,1
FRUIT,FRUIT BOX,516,13.69,Box,1,,,1
FRUIT,Nectarine,547,0.57,Each,1,,,1
"PREPARED VEG, PREPARED CARROT & PARSNIP",Carrot Half Cut Length Ways,908,7.9,5kg,1,5.0,kg,1
"PREPARED VEG, PREPARED CARROT & PARSNIP",Quarter Parsnip,726,19.95,5kg,1,5.0,kg,1
"PREPARED VEG, PREPARED CARROT & PARSNIP",Grated Carrot,718,8.8,5kg,1,5.0,kg,1
"PREPARED VEG, PREPARED CARROT & PARSNIP",Sliced Carrot,802,3.55,2.5kg,1,2.5,kg,1
"PREPARED VEG, PREPARED CARROT & PARSNIP",Sliced Carrot,715,7.25,5kg,1,5.0,kg,1
"PREPARED VEG, PREPARED CARROT & PARSNIP",Diced Carrot,720,8.3,5kg,1,5.0,kg,1
"PREPARED VEG, PREPARED CARROT & PARSNIP",Julienne Carrot,717,8.55,Bag,1,,,1
"PREPARED VEG, PREPARED CARROT & PARSNIP",Diced Swede,736,8.55,5kg,1,5.0,kg,1
"PREPARED VEG, PREPARED CARROT & PARSNIP",Prep Whole Carrot,719,7.3,5kg,1,5.0,kg,1
"PREPARED VEG, PREPARED CARROT & PARSNIP",Prep - Whole Parsnip (peeled),727,19.45,5kg,1,5.0,kg,1
"PREPARED VEG, PREPARED CARROT & PARSNIP",Diced Carrot and Swede,722,13.95,Bag,1,,,1
"PREPARED VEG, PREPARED CARROT & PARSNIP",Diced Parsnip,728,19.95,5kg,1,5.0,kg,1
"PREPARED VEG, PREPARED CARROT & PARSNIP",Prep Whole Carrot,832,3.95,2.5kg,1,2.5,kg,1
"PREPARED VEG, PREPARED CARROT & PARSNIP",Grated Parsnip,851,19.95,Per kg,,,kg,1
"PREPARED VEG, PREPARED CARROT & PARSNIP",Prepared Carrots - Half Moon Cut,416,7.15,5kg,1,5.0,kg,1
"PREPARED VEG, PREPARED CARROT & PARSNIP",Whole Swede,737,8.95,Bag,1,,,1
"PREPARED VEG, PREPARED CABBAGE",Sliced Red Cabbage,740,14.25,5kg,1,5.0,kg,1
"PREPARED VEG, PREPARED CABBAGE",Sliced Savoy Cabbage,739,13.6,5kg,1,5.0,kg,1
"PREPARED VEG, PREPARED CABBAGE",Sliced White Cabbage,742,8.75,5kg,1,5.0,kg,1
"PREPARED VEG, PREPARED POTATOES",Fresh Hand Cut Chips,708,8.0,5Kg,1,5.0,Kg,1
"PREPARED VEG, PREPARED POTATOES",Cut Roast Potatoes,711,8.0,5kg,1,5.0,kg,1
"PREPARED VEG, PREPARED POTATOES",Boiling Potato,700,8.0,5kg,1,5.0,kg,1
"PREPARED VEG, PREPARED POTATOES",Cut Roast Potato,701,2.18,Per KG,,,kg,1
"PREPARED VEG, PREPARED POTATOES",Diced Potato,705,12.95,,,,,1
"PREPARED VEG, PREPARED POTATOES",Fondant Potato,713,0.94,Each,1,,,1
"PREPARED VEG, PREPARED POTATOES",Parmentier Potatoes,714,21.0,5kg,1,5.0,kg,1
"PREPARED VEG, PREPARED POTATOES",Chateau Potato,703,24.95,Bag,1,,,1
"PREPARED VEG, PREPARED POTATOES",Fresh Cut Fries 8.5mm,8015,13.25,5kg,1,5.0,kg,1
"PREPARED VEG, PREPARED POTATOES",Chateau Potato,782,0.45,Each,1,,,1
"PREPARED VEG, PREPARED POTATOES",Potato Wedges,841,15.5,5kg,1,5.0,kg,1
"PREPARED VEG, PREPARED POTATOES",Stacking Chips,746,22.0,5kg,1,5.0,kg,1
"PREPARED VEG, PREPPED ONIONS, LEEKS & SHALLO",Sliced Red Onion,811,13.05,5kg,1,5.0,kg,1
"PREPARED VEG, PREPPED ONIONS, LEEKS & SHALLO",Sliced Leeks,760,19.95,5kg,1,5.0,kg,1
"PREPARED VEG, PREPPED ONIONS, LEEKS & SHALLO",Whole Peeled Banana Shallots,771,4.95,Per kg,,,kg,1
"PREPARED VEG, PREPPED ONIONS, LEEKS & SHALLO",Sliced Onion,765,11.55,5kg,1,5.0,kg,1
"PREPARED VEG, PREPPED ONIONS, LEEKS & SHALLO",Whole White Onion (Peeled),768,11.3,5kg,1,5.0,kg,1
"PREPARED VEG, PREPPED ONIONS, LEEKS & SHALLO",Sliced Red Pepper,810,25.9,5kg,1,5.0,kg,1
"PREPARED VEG, PREPPED ONIONS, LEEKS & SHALLO",Diced Red Onions,896,11.25,5kg,1,5.0,kg,1
"PREPARED VEG, PREPPED ONIONS, LEEKS & SHALLO",Whole Prep Red Onions,836,13.05,5kg,1,5.0,kg,1
"PREPARED VEG, PREPPED ONIONS, LEEKS & SHALLO",Diced Onion,766,11.55,5kg,1,5.0,kg,1
"PREPARED VEG, PREPARED MIXES",Carrot & Cabbage Mix,776,8.55,5kg,1,5.0,kg,1
"PREPARED VEG, PREPARED MIXES",Mediterranean Mix,784,16.05,Bag,1,,,1
"PREPARED VEG, PREPARED MIXES",Stir Fry Mix,820,4.42,Per Kg,,,kg,1
"PREPARED VEG, PREPARED MIXES",Leek & Potato,814,9.15,5kg,1,5.0,kg,1
"PREPARED VEG, PREPARED MIXES",Fajita Mix (Sliced Mixed Peppers & Onions),1853,7.01,2.5kg,1,2.5,kg,1
"PREPARED VEG, PREPARED MIXES",Diced Mixed Veg,812,7.65,5kg,1,5.0,kg,1
"PREPARED VEG, PREPARED MIXES",Minestrone Mix,775,7.55,Bag,1,,,1
"PREPARED VEG, PREPARED MIXES",Ratatouille Mix,847,24.05,Bag,1,,,1
"PREPARED VEG, PREPARED MIXES",Diced Root Veg Mix,895,7.0,5kg,1,5.0,kg,1
"PREPARED VEG, PREPARED MIXES",Prep Kimchi Mix,834,3.48,Per Kg,,,kg,1
"PREPARED VEG, PREPARED MIXES",Stew Pack,774,7.35,Bag,1,,,1
"PREPARED VEG, PREPARED MIXES",Casserole Mix,924,7.75,Bag,1,,,1
"PREPARED VEG, PREPARED MIXES",Celery & Onion Diced,813,9.15,1kg,1,1.0,kg,1
"PREPARED VEG, PREPARED MIXES",Roast Veg Mix,712,9.8,5kg,1,5.0,kg,1
"PREPARED VEG, PREPARED MIXES",Soup Mix,861,7.55,Bag,1,,,1
"PREPARED VEG, PREPARED SQUASH & SWEET POTATO",Diced Sweet Potato,823,5.1,Per Kg,,,kg,1
"PREPARED VEG, PREPARED SQUASH & SWEET POTATO",Diced Butternut Squash,783,3.16,per Kg,,,kg,1
"PREPARED VEG, PREPARED SQUASH & SWEET POTATO",Prep Butternut Squash,753,3.14,per kg,,,kg,1
"PREPARED VEG, PREPARED SQUASH & SWEET POTATO",Prep Whole Sweet Potato,808,5.06,,,,,1
PREPARED VEG,Broccoli Florets,756,4.0,Per Kg,,,kg,1
PREPARED VEG,Sliced Mushrooms,786,4.95,Per Kg,,,kg,1
PREPARED VEG,Sliced Mixed Pepper,790,35.0,5kg,1,5.0,kg,1
PREPARED VEG,Sliced Potato (Thin Sliced),706,12.95,5kg,1,5.0,kg,1
PREPARED VEG,Celeriac 3mm Sliced,1932,4.29,per kg,,,kg,1
PREPARED VEG,Sliced Chestnut Mushroom,763,4.75,Per Kg,,,kg,1
PREPARED VEG,Sliced Courgette,780,15.55,Bag,1,,,1
PREPARED VEG,Diced Leek,837,4.68,Per kg,,,kg,1
PREPARED VEG,Sliced Aubergine,901,4.2,,,,,1
PREPARED VEG,Sliced Green Pepper,824,25.9,5kg,1,5.0,kg,1
PREPARED VEG,Sliced Yellow Pepper,829,29.4,5kg,1,5.0,kg,1
PREPARED VEG,Baton Pepper,734,5.3,,,,,1
PREPARED VEG,Diced Aubergine,900,4.2,,,,,1
PREPARED VEG,Diced Celery,806,2.71,Per Kg,,,kg,1
PREPARED VEG,Diced Courgette,4717,15.95,5kg,1,5.0,kg,1
PREPARED VEG,Diced Green Pepper,857,35.0,1kg,1,1.0,kg,1
PREPARED VEG,Diced Mixed Pepper,817,25.0,5kg,1,5.0,kg,1
PREPARED VEG,Diced Red Pepper,856,35.0,1kg,1,1.0,kg,1
PREPARED VEG,Diced Yellow Pepper,830,29.4,1Kg,1,1.0,Kg,1
PREPARED VEG,Grated Courgette,767,5.15,,,,,1
PREPARED VEG,Quartered Mushrooms,886,4.95,,,,,1
PREPARED VEG,Sliced Celery,822,2.73,,,,,1
"DAIRY, EGGS",Eggs Free Range,4165,48.85,15Doz,1,15.0,Doz,1
"DAIRY, EGGS",Eggs Medium,4110,73.0,30 Doz,1,30.0,Doz,1
"DAIRY, EGGS",Eggs Large,4162,79.0,30 Doz,1,30.0,Doz,1
"DAIRY, EGGS",Liquid Egg Yolk,4187,9.95,1ltr,1,1.0,ltr,1
"DAIRY, EGGS",Duck Eggs,4159,11.75,1x20,20,,,1
"DAIRY, EGGS",Egg White,8724,3.53,1kg,1,1.0,kg,1
"DAIRY, EGGS",Quail Eggs,4163,3.7,1x12,12,,,1
"DAIRY, MILK",Milk Semi (Green Label),4011,1.49,2 ltr,1,2.0,ltr,1
"DAIRY, MILK",Milk Pasteurised (Blue Label),4012,1.52,2ltr,1,2.0,ltr,1
"DAIRY, MILK",Milk Skimmed (Red Label),4000,1.92,2ltr,1,2.0,ltr,1
"DAIRY, MILK",Oat Milk Unsweetened,4201,2.99,1ltr,1,1.0,ltr,1
"DAIRY, MILK",Soya Milk,4076,1.92,1ltr,1,1.0,ltr,1
"DAIRY, MILK",Butter Milk,4074,1.68,500ml,1,500.0,ml,1
"DAIRY, MILK",Milk Semi Skimmed,4026,0.72,,,,,1
"DAIRY, MILK",UHT Long Life Double Cream,1749,48.05,12 x1ltr,12,1.0,ltr,1
"DAIRY, MILK",Pergall Semi Skimmed,4001,12.5,13.6Ltr,1,13.6,Ltr,1
"DAIRY, MILK",Milk Pasteurised,4027,7.44,x 10,,,,1
"DAIRY, MILK",Milk Jiggers,4041,6.95,1x120,120,,,1
"DAIRY, MILK",Almond Milk,4018,5.75,1ltr,1,1.0,ltr,1
"DAIRY, MILK",Milk - Skimmed,4010,0.72,,,,,1
"DAIRY, MILK",Pergall Pasteurised,4002,12.5,13.6Ltr,1,13.6,Ltr,1
"DAIRY, MILK",Milk Semi Skimmed (Tetra),4006,0.33,,,,,1
"DAIRY, CREAM",Double Cream,4056,7.45,,,,,1
"DAIRY, CREAM",Whipping Cream,4051,6.95,,,,,1
"DAIRY, CREAM",Clotted Cream,4050,16.95,1kg,1,1.0,kg,1
"DAIRY, CREAM",Aerosol Cream,4075,5.5,500ml,1,500.0,ml,1
"DAIRY, CREAM",Creme Fraiche,4136,9.4,2kg,1,2.0,kg,1
"DAIRY, CREAM",Sour Cream (Set),4085,7.95,2kg,1,2.0,kg,1
"DAIRY, CREAM",Flora Professional Plant Based Cream,593,6.19,1ltr,1,1.0,ltr,1
"DAIRY, CREAM",Single Cream,4066,6.15,,,,,1
"DAIRY, SUNDRIES",Pergall Machine Hire,4003,1.0,,,,,1
"DAIRY, BUTTER & MARGARINE",Butter Salted,4101,89.0,x 40,,,,1
"DAIRY, BUTTER & MARGARINE",Butter Unsalted,4023,89.0,x 40,,,,1
"DAIRY, BUTTER & MARGARINE",Butter Portions,4106,8.94,1 x100,100,,,1
"DAIRY, BUTTER & MARGARINE",Margarine 2kg,4111,43.8,2kg,1,2.0,kg,1
"DAIRY, BUTTER & MARGARINE",Netherend Butter Portions,4022,25.0,100x10g,100,10.0,g,1
"DAIRY, BUTTER & MARGARINE",Kerrymaid Lard -,4109,29.98,x40,,,,1
"DAIRY, YOGURTS",Greek Style Yoghurt,4143,4.25,1kg,1,1.0,kg,1
"DAIRY, YOGURTS",Yoghurt Mixed Fruit,4134,7.2,12x125g,12,125.0,g,1
"DAIRY, YOGURTS",Golden Acre Low Fat Yoghurts,4168,9.0,20x100g,20,100.0,g,1
"DAIRY, YOGURTS",Natural Yoghurt,4138,5.66,2LTR,1,2.0,LTR,1
"DAIRY, YOGURTS",Natural Yoghurt,4133,1.65,450g,1,450.0,g,1
"DAIRY, YOGURTS",Golden Acre Thick & Creamy Yoghurt,4132,11.0,20 x 125g,20,125.0,g,1
DAIRY,Coconut Milk,4967,2.95,1ltr,1,1.0,ltr,1
BRITISH & EUROPEAN CHEESE,Halloumi,4170,26.1,250g,1,250.0,g,1
BRITISH & EUROPEAN CHEESE,Petit Brie,4216,8.9,1kg,1,1.0,kg,1
BRITISH & EUROPEAN CHEESE,Goats Cheese Log,4233,12.52,1kg,1,1.0,kg,1
BRITISH & EUROPEAN CHEESE,Full Fat Soft Cheese,4235,12.95,2kg,1,2.0,kg,1
BRITISH & EUROPEAN CHEESE,Grated Mozzarella,4195,18.88,2kg,1,2.0,kg,1
BRITISH & EUROPEAN CHEESE,Grated Mature Cheddar,4189,19.05,2kg,1,2.0,kg,1
BRITISH & EUROPEAN CHEESE,Mozzarella Balls,4200,1.62,125g,1,125.0,g,1
BRITISH & EUROPEAN CHEESE,Feta Block,4232,10.24,900g,1,900.0,g,1
BRITISH & EUROPEAN CHEESE,Feta block,4229,3.02,200g,1,200.0,g,1
BRITISH & EUROPEAN CHEESE,Parmesan Vegetarian,4172,16.0,2kg,1,2.0,kg,1
BRITISH & EUROPEAN CHEESE,Camembert,4220,3.85,250G,1,250.0,G,1
BRITISH & EUROPEAN CHEESE,Monterey Cheese Slices Pre Order,4205,11.04,1Kg,1,1.0,Kg,1
BRITISH & EUROPEAN CHEESE,Parmesan Reggiano,4772,24.95,per Kg,,,kg,1
BRITISH & EUROPEAN CHEESE,Mozzarella - Bocconcini (Pre Order Product),4139,15.5,1kg,1,1.0,kg,1
BRITISH & EUROPEAN CHEESE,Mature Cheddar Cheese Block ( Approx 5kg Block),4177,9.36,Per kg,,,kg,1
BRITISH & EUROPEAN CHEESE,Stilton Ring Approx 2 kg,4208,16.54,per kg,,,kg,1
BRITISH & EUROPEAN CHEESE,Stilton Wedge,4209,3.4,220g,1,220.0,g,1
BRITISH & EUROPEAN CHEESE,Kidderton Ash Goats Cheese,4961,5.7,145g,1,145.0,g,1
BRITISH & EUROPEAN CHEESE,Mozzarella Buratta (Frozen product),5432,2.32,125g,1,125.0,g,1
BRITISH & EUROPEAN CHEESE,Ricotta Cheese (pre order),4140,10.99,1.5kg,1,1.5,kg,1
BRITISH & EUROPEAN CHEESE,Vegan Grated Cheese,4169,7.95,200g,1,200.0,g,1
BRITISH & EUROPEAN CHEESE,Gorgonzola (pre order),4173,17.95,1.5kg,1,1.5,kg,1
BRITISH & EUROPEAN CHEESE,Grana Padano (Wedge),4199,15.64,1kg,1,1.0,kg,1
BRITISH & EUROPEAN CHEESE,Mild White Cheese Slices,4161,11.44,1kg,1,1.0,kg,1
BRITISH & EUROPEAN CHEESE,Smoked Applewood Cheese -,4184,25.14,1.5kg,1,1.5,kg,1
BRITISH & EUROPEAN CHEESE,Emmental Slices,4206,13.95,1kg,1,1.0,kg,1
BRITISH & EUROPEAN CHEESE,Grated Mild White Cheddar,4191,16.5,2kg,1,2.0,kg,1
BRITISH & EUROPEAN CHEESE,"Thomas Fudge, Assorted Catering Crackers",7881,31.99,1.6kg,1,1.6,kg,1
BRITISH & EUROPEAN CHEESE,Sage Derby - Marble Green,4166,14.25,1kg,1,1.0,kg,1
BRITISH & EUROPEAN CHEESE,Grated Red Leicester,9459,20.94,2kg,1,2.0,kg,1
BRITISH & EUROPEAN CHEESE,Yorkshire Blue ( Box only),4965,25.64,Per kg,,,kg,1
BRITISH & EUROPEAN CHEESE,Baron Bigod (Pre Order),4296,29.0,1kg,1,1.0,kg,1
BRITISH & EUROPEAN CHEESE,Grated Parmesan,4198,15.36,1kg,1,1.0,kg,1
BRITISH & EUROPEAN CHEESE,Red Leicester Block,4179,11.95,2.5kg,1,2.5,kg,1
BRITISH & EUROPEAN CHEESE,Cheddar Vintage,4962,43.5,2kg,1,2.0,kg,1
BRITISH & EUROPEAN CHEESE,Colston Bassett Blue Stilton (pre order),4192,21.46,per kg,,,kg,1
BRITISH & EUROPEAN CHEESE,Gruyere Gru King (Pre Order),4196,20.08,1kg,1,1.0,kg,1
BRITISH & EUROPEAN CHEESE,Burger Cheese slices,9899,12.5,1.4kg,1,1.4,kg,1
BRITISH & EUROPEAN CHEESE,Lincolnshire Poacher (pre order) approx 2kg,4174,22.32,Per Kg,,,kg,1
BRITISH & EUROPEAN CHEESE,Mascapone Tub,4230,19.01,2kg,1,2.0,kg,1
BRITISH & EUROPEAN CHEESE,Red Leicester Cheese,4137,24.96,12x200g,12,200.0,g,1
BRITISH & EUROPEAN CHEESE,Vegan Applewood (pre order),4364,3.02,200g,1,200.0,g,1
BRITISH & EUROPEAN CHEESE,Lancashire Creamy,9321,14.63,Per kilo,,,,1
BRITISH & EUROPEAN CHEESE,Oak Smoked Cheddar (pre order),4183,13.39,Per kg,,,kg,1
BRITISH & EUROPEAN CHEESE,Curd Cheese Soft (pre order),4052,6.82,1kg,1,1.0,kg,1
BRITISH & EUROPEAN CHEESE,Monteray Jack Cheese (pre order),4182,10.11,per kg,,,kg,1
BRITISH & EUROPEAN CHEESE,Pecorino Sardo,9489,24.88,Per Kg,,,kg,1
BRITISH & EUROPEAN CHEESE,Little Black Bomber Truckle,4186,5.18,200g,1,200.0,g,1
BRITISH & EUROPEAN CHEESE,Block Mozzarella (pre order),4131,20.72,2.3kg,1,2.3,kg,2
BRITISH & EUROPEAN CHEESE,Cornish Yarg,4945,25.92,1kg,1,1.0,kg,2
BRITISH & EUROPEAN CHEESE,Mature Cheddar Slices (Pre Order),4326,11.95,1kg,1,1.0,kg,2
BRITISH & EUROPEAN CHEESE,Mild White Cheese Block ( Approx 5kg Block),4175,8.8,Per Kg,,,kg,2
BRITISH & EUROPEAN CHEESE,Peakland White (pre order),8976,15.2,Per kg,,,kg,2
BRITISH & EUROPEAN CHEESE,Rosary Ash Goats Cheese,4297,8.45,275g,1,275.0,g,2
BRITISH & EUROPEAN CHEESE,Taleggio Cheese (Pre order),9867,14.11,per kg,,,kg,2
BRITISH & EUROPEAN CHEESE,Vegan Mozzarella Grated,4575,10.3,200g,1,200.0,g,2
BRITISH & EUROPEAN CHEESE,Wensleydale & Cranberry,4204,13.92,per kg,,,kg,2
BRITISH & EUROPEAN CHEESE,Wooky Hole Cave Aged (Pre Order),8699,19.93,perkg,,,kg,2
BRITISH & EUROPEAN CHEESE,Camembert Mini (Pre order Minimum 12),4276,3.25,145g,1,145.0,g,2
BRITISH & EUROPEAN CHEESE,Edam Ball,19654,7.41,aprox 1.9g,,,,2
BRITISH & EUROPEAN CHEESE,Fontina Cheese,20067,28.87,Per Kg,,,kg,2
BRITISH & EUROPEAN CHEESE,Paneer,8698,10.55,per kg,,,kg,2
BRITISH & EUROPEAN CHEESE,Port Salut (Pre Order),1078,32.53,8x185g,8,185.0,g,2
BRITISH & EUROPEAN CHEESE,Ragstone Stone Goats (pre order),4141,10.83,200g,1,200.0,g,2
BRITISH & EUROPEAN CHEESE,Reblochon,1076,8.73,450g,1,450.0,g,2
BRITISH & EUROPEAN CHEESE,Red Hot Chilli Cheese (pre order),4180,17.42,1.5kg,1,1.5,kg,2
BRITISH & EUROPEAN CHEESE,Sage Derby Tradational (White),4202,14.25,2kg,1,2.0,kg,2
BRITISH & EUROPEAN CHEESE,True Grit Strong Cheddar,4185,4.95,200g,1,200.0,g,2
BRITISH & EUROPEAN CHEESE,Tunworth (Pre Order),4964,9.47,250g,1,250.0,g,2
DELI & CHARCUTERIE,Olives Pitted (Black),4246,12.91,1kg,1,1.0,kg,1
DELI & CHARCUTERIE,Sun Dried Tomatoes in Oil,4324,52.84,1kg,1,1.0,kg,1
DELI & CHARCUTERIE,Gammon Ham Sliced,7474,6.84,500g,1,500.0,g,1
DELI & CHARCUTERIE,Olives Pitted (Green),4245,12.14,1kg,1,1.0,kg,1
DELI & CHARCUTERIE,Gherkins (Large),4244,8.9,2.1kg,1,2.1,kg,1
DELI & CHARCUTERIE,Chorizo Loop,4399,2.78,Each,1,,,1
DELI & CHARCUTERIE,Prosciutto Crudo,4398,10.8,500g,1,500.0,g,1
DELI & CHARCUTERIE,Capers in Brine,4242,8.33,1.650kg,1,1.65,kg,1
DELI & CHARCUTERIE,Capers Lilliput Kilner,4362,8.33,400g,1,400.0,g,1
DELI & CHARCUTERIE,Cocktail Gherkins (Cornichons),4375,6.2,2.3kg,1,2.3,kg,1
DELI & CHARCUTERIE,Pesto - Red,1094,13.35,1.12kg,1,1.12,kg,1
DELI & CHARCUTERIE,Gran Bosco Sliced Chorizo Vela,4197,7.55,500g,1,500.0,g,1
DELI & CHARCUTERIE,Salami pepperoni (Frozen),4340,12.15,1kg,1,1.0,kg,1
DELI & CHARCUTERIE,Traditional Pickled Silver Skin Onions 2.25kg,4373,8.33,2.25kg,1,2.25,kg,1
DELI & CHARCUTERIE,Anchovy Fillets in Oil,4265,8.65,365g,1,365.0,g,1
DELI & CHARCUTERIE,Houmous Tub,4897,6.65,1kg,1,1.0,kg,1
DELI & CHARCUTERIE,Lemons Preserved (Pickled),7889,2.27,720g NET,,,,1
DELI & CHARCUTERIE,Pickled Sliced Beetroot,4374,6.95,2.25kg,1,2.25,kg,1
DELI & CHARCUTERIE,Stuffed Vine Leaves (Tin),4253,58.65,1.99kg,1,1.99,kg,1
DELI & CHARCUTERIE,Crispy Onions,1106,16.3,2.5kg,1,2.5,kg,1
DELI & CHARCUTERIE,Pancetta Whole,9728,17.82,Per kg,,,kg,1
DELI & CHARCUTERIE,Quail EggsCooked & Peeled,4342,13.94,48s,1,48.0,s,1
DELI & CHARCUTERIE,Dried Mixed Wild Mushrooms Tub,4352,16.95,500g,1,500.0,g,1
DELI & CHARCUTERIE,Salami Pepperoni (Aged ),4341,14.71,1kg,1,1.0,kg,1
DELI & CHARCUTERIE,Black Garlic Clove,4377,11.95,150g,1,150.0,g,1
DELI & CHARCUTERIE,Walnuts Pickled,1978,4.86,390g,1,390.0,g,1
DELI & CHARCUTERIE,Gherkins Sliced,4361,9.95,2.5kg,1,2.5,kg,1
DELI & CHARCUTERIE,Grissini Bread Sticks,4004,14.31,12x125g,12,125.0,g,1
DELI & CHARCUTERIE,Black Garlic Paste,4389,22.95,300g,1,300.0,g,1
DELI & CHARCUTERIE,Truffle Peelings (Tin),4379,22.0,100g,1,100.0,g,1
DELI & CHARCUTERIE,Truffle Salsa,37564,16.49,500g,1,500.0,g,1
