LeftKey,LeftName,LeftVolumeML,RightKey,RightName,RightVolumeML,Score,Rank
018081,AMARETTO,,128,Amaretto,,1.0,1
018091,AMARETTO WHITE,,181,Amaretto White,,1.0,1
019341,ARCHERS PEACH SCH,,23,Archers Peach,,0.9,1
019340,ARCHERS SCHNAPPS,,183,Archers Schnapps,,1.0,1
060131,ASPALL 4.5% GAL,,137,Aspall,,1.0,1
014041,AUCHENTOSHAN,,177,Auchentoshan,,1.0,1
011071,BACARDI,,24,Bacardi,,1.0,1
090171,BACON FRIES DOZ,,288,Smith's Scampi Fries,,0.91,1
090171,BACON FRIES DOZ,,289,Smith's Bacon Fries,,0.91,2
018151,BAILEYS IRISH CRM,,25,Baileys Irish Cream,,1.0,1
040481,BASS ALE 10GAL GAL,,134,Bass,,1.0,1
030221,BEAUJOLAIS VILLAGE BOT,,121,Louis Jadot Beaujolais Villages 750ml Bottle,,0.91,1
013071,BELLS,,26,Bells Scotch Whisky,,1.0,1
075100,BELU WATER,,222,Belu Sparkling Water,,1.0,1
018171,BENEDICTINE,,27,Benedictine,,1.0,1
012081,BOMBAY SAPPHIRE,,28,Bombay Sapphire,,1.0,1
014091,BOWMORE 12YO,,30,Bowmore Malt Whisky 12Year,,1.0,1
025201,BRISTOL CREAM,,129,Harveys Bristol Cream ,,0.9,1
012101,BROCKMANS GIN,,31,Brockmans Gin,,1.0,1
012116,BROOKLYN GIN,,32,Brooklyn Gin,,1.0,1
030421,CAB SAUV BROOKFORD BOT,,114,Brookford Shiraz Cabernet ,,0.9,1
030421,CAB SAUV BROOKFORD BOT,,192,Brookford Cabernet Sauv,,0.9,2
011201,CAPT MORGAN DARK,,33,Captain Morgan Spiced Rum,,0.9,1
011201,CAPT MORGAN DARK,,161,Captain Morgan Dark Rum,,0.9,2
047281,CARLING GAL,,1,Carling Lager,,1.0,1
038651,CAVA LACRIMA BOT,,209,Cava Lacrima,,1.0,1
030511,CHARD BROOKFORD BOT,,110,Brookford Chardonnay 750ml Bottle,,0.9,1
030551,CHARD MACON VILLAGE BOT,,112,Rochebin Macon Chardonnay 750ml Bottle,,0.9,1
030571,CHARD OUDE KAAP BOT,,193,Oude Kaap Chardonnay 750ml Bottle,,0.9,1
030651,CHENIN OUDE KAAP BOT,,193,Oude Kaap Chardonnay 750ml Bottle,,0.9,1
030651,CHENIN OUDE KAAP BOT,,194,Oude Kaap Chenin Blanc 750ml Bottle,,0.9,2
021221,CINZANO BIANCO,,34,Cinzano Bianco,,1.0,1
077301,COCA COLA CN,,15,Coca Cola Can,,1.0,1
077992,COCA COLA ICON,,15,Coca Cola Can,,1.0,1
022451,COCKBURNS SPECIAL,,189,Cockburns Special,,1.0,1
010161,COURVOISIER VS,,35,Courvoisier VS,,1.0,1
029121,CRABBIES GINGER,,8,Crabbies Ginger Beer,,1.0,1
090601,CRISPS PIPERS 40G TEN,,157,Pipers Crisps - Cider & Vinegar,,0.9,1
098271,CRUNCHIE DOZ,,248,Crunchie,,1.0,1
019836,CURACAO BLUE DKY,,284,De Kuyper Blue Curacao,,1.0,1
098276,DAIRY MILK 45G DOZ,,249,Dairy Milk 45g,,1.0,1
098276,DAIRY MILK 45G DOZ,,87,Dairy Milk Duo,,0.9,2
098276,DAIRY MILK 45G DOZ,,88,Dairy Milk Bar,,0.9,3
018501,DRAMBUIE,,37,Drambuie,,1.0,1
094421,DRY ROAST KP 50G DOZ,,246,KP Dry Roasted,,0.9,1
047446,ESTRELLA 0% GAL,,141,Estrella Galicia 0%,,0.9,1
071521,F/TREE AROMATIC,,219,Fever Tree Aromatic,,1.0,1
071551,F/TREE GINGER ALE,,220,Fever Tree Ginger Ale,,1.0,1
071595,F/TREE LIGHT TONIC,,151,Fever Tree Tonic Light,,1.0,1
071581,F/TREE TONIC,,151,Fever Tree Tonic Light,,1.0,1
071581,F/TREE TONIC,,152,Fever Tree Tonic Water,,1.0,2
013271,FAMOUS GROUSE,,38,The Famous Grouse Scotch Whisky,,0.9,1
012306,FOUR PILLARS GIN,,277,Four Pillars Gin,,1.0,1
071611,FRUIT SHOOTS,,17,Fruit Shoot Orange,,0.9,1
076321,GINGER BEER 5-1 LTR,,268,Ginger Beer Post Mix,,1.0,1
014371,GLEN SCOTIA,,178,Glen Scotia,,1.0,1
014431,GLENMORANGIE 10YR,,39,Glenmorangie Malt Whisky 12YO,,1.0,1
012351,GORDONS,,41,Gordons Special Dry,,1.0,1
012341,GORDONS 0%,,159,Gordons Gin 0%,,1.0,1
012353,GORDONS CHERRY,,164,Gordons Cherry Gin,,1.0,1
012357,GORDONS LEMON,,166,Gordons Lemon Gin,,1.0,1
012355,GORDONS MED ORANGE,,165,Gordons Med Orange Gin,,1.0,1
012359,GORDONS PEACH,,167,Gordons White Peach Gin,,0.9,1
012361,GORDONS PINK,,40,Gordons Pink Gin,,1.0,1
019834,GREY GOOSE VODKA,,283,Grey Goose Vodka,,1.0,1
046321,GUINNESS GAL,,4,Guinness,,1.0,1
052336,GUINNESS O% CANS,,101,Guinness 0.0% 538ml Can,,0.9,1
052336,GUINNESS O% CANS,,294,Guinness 0.0% 440ml Can,,0.9,2
014455,HAIG CLUBMAN,,43,Haig Club,,0.9,1
098566,HARIBO SUPERMIX DOZ,,251,Haribo Supamix,,1.0,1
098571,HARIBO TANGFASTIC DOZ,,252,Haribo Tangfastic,,1.0,1
015341,JACK DANIELS,,45,Jack Daniels Tennessee,,0.9,1
018841,JAGERMEISTER,,46,Jagermeister,,1.0,1
015361,JIM BEAM WHITE,,48,Jim Beam,,0.9,1
018861,KAHLUA,,182,Kahlua,,1.0,1
064851,KOPPABERG M/FRUIT,,10,Koppaberg Mixed Fruit 500ml Bottle,,1.0,1
064851,KOPPABERG M/FRUIT,,270,Koppaberg Mixed Fruit 0.0% 500ml Bottle,,1.0,2
064891,KOPPABERG S/L 0%,,269,Koppaberg Strawberry & Lime 0.0% 500ml Bottle,,1.0,1
064881,KOPPABERG ST/LIME,,149,Koppaberg Strawberry & Lime 500ml Bottle,,1.0,1
064881,KOPPABERG ST/LIME,,269,Koppaberg Strawberry & Lime 0.0% 500ml Bottle,,1.0,2
011551,KRAKEN,,160,Kraken Spiced Rum,,1.0,1
011556,KRAKEN CHERRY,,162,Kraken Cherry Rum,,1.0,1
011559,KRAKEN COFFEE,,163,Kraken Roast Coffee Rum,,0.9,1
042771,LEVEL HEAD 30L GAL,,138,Level Head,,1.0,1
048061,MADRI GAL,,136,Madri,,1.0,1
034221,MALBEC DESPACITO BOT,,115,Despacito Malbec 750ml Bottle,,1.0,1
034321,MALBEC HERMANDAD BOT,,117,Hermandad Malbec 750ml Bottle,,1.0,1
021540,MARTINI RED,,51,Martini Rosso,,1.0,1
034531,MERLOT CASA SANTI BOT,,113,Casa Merlot  LCL,,0.9,1
034531,MERLOT CASA SANTI BOT,,197,Casa Santiago Merlot 750ml Bottle,,0.9,2
012621,NELSONS GIN,,264,Nelsons Gin,,1.0,1
011601,NELSONS RUM,,264,Nelsons Gin,,1.0,1
023761,NIEPOORT RUBY PORT,,120,Niepoort Port,,0.9,1
065371,OLD MOUT KIWI,,150,Old Mout Kiwi & Lime 500ml Bottle,,0.9,1
076621,ORANGE JUICE 4-1 LTR,,144,Orange Juice Post Mix,,1.0,1
034671,P/GRIGIO TREV ROSE BOT,,107,Cantina Trevigiana Pinot Grigio Blush 750ml Bottle,,0.9,1
034671,P/GRIGIO TREV ROSE BOT,,108,Cantina Trevigiana Pinot Grigio 750ml Bottle,,0.9,2
034671,P/GRIGIO TREV ROSE BOT,,200,Pino Grigio Trevigiana  DOC,,0.9,3
034661,P/GRIGIO TREVIGIAN BOT,,107,Cantina Trevigiana Pinot Grigio Blush 750ml Bottle,,0.9,1
034661,P/GRIGIO TREVIGIAN BOT,,108,Cantina Trevigiana Pinot Grigio 750ml Bottle,,0.9,2
034661,P/GRIGIO TREVIGIAN BOT,,200,Pino Grigio Trevigiana  DOC,,0.9,3
034811,P/NOIR ARTE NOBLE BOT,,202,Arte Noble Reserve Pino Noir 75cl Bottle,,0.9,1
034821,P/NOIR BOURG BOT,,203,Pino Noir Bourgogne,,0.9,1
034821,P/NOIR BOURG BOT,,204,Rochebin Pinot Noir 750ml Bottle,,0.9,2
076701,PEPSI MAX 5-1 LTR,,20,Pepsi Max Can,,1.0,1
076701,PEPSI MAX 5-1 LTR,,95,Pepsi Max Post Mix,,1.0,2
076701,PEPSI MAX 5-1 LTR,,303,Pepsi Max 500ml Bottle,,1.0,3
077681,PEPSI MAX CN,,20,Pepsi Max Can,,1.0,1
077681,PEPSI MAX CN,,95,Pepsi Max Post Mix,,1.0,2
077681,PEPSI MAX CN,,303,Pepsi Max 500ml Bottle,,1.0,3
055061,PERONI N/AZZURO,,148,Peroni Nastro Azzuro 0.0% 330ml Bottle,,1.0,1
055061,PERONI N/AZZURO,,215,Peroni Nastro Azzuro 330ml Bottle,,1.0,2
017651,PIMMS NO1,,52,Pimms No 1,,1.0,1
099712,PORK SCRATCHINGS DOZ,,290,Midlands Pork Scratchings,,0.9,1
038881,PROSECCO TREV ROSE BOT,,211,75cl Trevigiana Prosecco Rose,,1.0,1
038873,PROSECCO TREVIGIAN,,211,75cl Trevigiana Prosecco Rose,,1.0,1
038871,PROSECCO TREVIGIAN BOT,,211,75cl Trevigiana Prosecco Rose,,1.0,1
077993,RED BULL,,304,Redbull 250ml Can,,1.0,1
012772,RED DOOR GIN FOC,,281,Red Door Gin,,1.0,1
035321,RIOJA CHOZA BOT,,205,Choza Rioja Crianza 750ml Bottle,,0.9,1
012807,RUGBY GIN FOC,,282,Rugby Gin,,1.0,1
095751,SALTED NUTS KP 50G DOZ,,83,KP Nuts Salted,,1.0,1
019513,SAMBUCA ANTICA,,79,Sambuca Antica,,1.0,1
048501,SAN MIGUEL GAL,,5,San Miguel,,1.0,1
036551,SAUV BLNC INVINIT BOT,,111,Inviniti Sauvignon Blanc,,0.9,1
036551,SAUV BLNC INVINIT BOT,,206,Aotearoa Sauvignon Blanc 750ml Bottle,,0.9,2
036571,SAUV BLNC OUDE KAAP BOT,,207,Oude Kaap Sauvignon Blanc 750ml Bottle,,1.0,1
036571,SAUV BLNC OUDE KAAP BOT,,194,Oude Kaap Chenin Blanc 750ml Bottle,,0.9,2
036591,SAUV BLNC SANTIAGO BOT,,111,Inviniti Sauvignon Blanc,,0.9,1
036591,SAUV BLNC SANTIAGO BOT,,206,Aotearoa Sauvignon Blanc 750ml Bottle,,0.9,2
036591,SAUV BLNC SANTIAGO BOT,,208,Casa Santiago Sauvignon Blanc 750ml Bottle,,0.9,3
099713,SCAMPI FRIES DOZ,,288,Smith's Scampi Fries,,0.91,1
099713,SCAMPI FRIES DOZ,,289,Smith's Bacon Fries,,0.91,2
036851,SHIRAZ BROOKFORD BOT,,114,Brookford Shiraz Cabernet ,,0.9,1
019835,SMIRNOFF PEACH,,307,Smirnoff Miami Peach Vodka 70cl,,0.9,1
016801,SMIRNOFF RED,,57,Smirnoff Red Label Vodka,,0.9,1
099351,SNICKERS DOZ,,259,Snickers,,1.0,1
015501,SOUTHERN COMFORT,,58,Southern Comfort,,1.0,1
075701,SPRINGBOURNE WATER,,223,Springbourne Water,,1.0,1
014841,TALISKER,,59,Talisker Malt Whisky 10YO,,1.0,1
019697,TEQ DEAD MAN RASP,,186,Dead Man Fingers Blue Raspberry Rum,,0.9,1
019785,TEQ PATRON SILVER,,298,Patron Silver Tequilla ,,1.0,1
019785,TEQ PATRON SILVER,,262,Patron Reposado Tequilla ,,0.9,2
019793,TEQ ROSE,,187,Tequilla Rose,,1.0,1
010891,THREE BARRELS,,263,Three Barrels,,1.0,1
012931,W/NEIL APRICOT PINK,,168,Whitley Neill Pink Apricot Gin,,1.0,1
012950,W/NEIL B/ORANGE,,171,Whitley Neill Blood Orange Gin,,1.0,1
012949,W/NEIL BLK CHERRY,,170,Whitley Neill Black Cherry Gin,,1.0,1
012953,W/NEIL GOOSEBERRY,,172,Whitley Neill Gooseberry Gin,,1.0,1
012953,W/NEIL GOOSEBERRY,,63,Whitley Neill Gin,,0.9,2
012953,W/NEIL GOOSEBERRY,,169,Whitley Neill DC Gin,,0.9,3
012954,W/NEIL PINEAPPLE,,173,Whitley Neil Pineapple Gin,,1.0,1
012954,W/NEIL PINEAPPLE,,63,Whitley Neill Gin,,0.9,2
012954,W/NEIL PINEAPPLE,,169,Whitley Neill DC Gin,,0.9,3
012955,W/NEIL PINK GRAPE,,174,Whitley Neill Pink Grape Gin,,1.0,1
012957,W/NEIL RASPBERRY,,175,Whitley Neill Raspberry Gin,,1.0,1
012957,W/NEIL RASPBERRY,,63,Whitley Neill Gin,,0.9,2
012957,W/NEIL RASPBERRY,,169,Whitley Neill DC Gin,,0.9,3
012959,W/NEIL RHUBARB,,176,Whitley Neill Rhubarb Gin,,1.0,1
012941,WHITNEY NEIL GIN,,63,Whitley Neill Gin,,1.0,1
012941,WHITNEY NEIL GIN,,169,Whitley Neill DC Gin,,0.9,2
012941,WHITNEY NEIL GIN,,172,Whitley Neill Gooseberry Gin,,0.9,3
013951,WHYTE & MACKAY,,123,Whyte & Mackay Whisky,,1.0,1
019832,WRAY & NEPHEW RUM,,305,Wray & Nephew 70cl Bottle,,1.0,1
037851,ZINF HILMASPRINGS BOT,,106,Hilmar Springs White Zinfandel 750ml Bottle,,0.9,1
