Code,Name,Size,Yield,UnitCost,MesSellPrice,UnitSelPrice,OpenStockUnit,OpenStockPrice,StockHoldingUnits,StockHoldingPrice
010161,COURVOISIER VS,70,28.0,29.17,0.00,0.00,2.0,58.34,0.8,23.34			
010891,THREE BARRELS,70,28.0,20.53,0.00,0.00,0.9,18.48,2.0,40.03			
011071,BACARDI,70,28.0,14.97,0.00,0.00,2.7,40.42,3.3,49.40			
011201,CAPT MORGAN DARK,70,28.0,19.07,0.00,0.00,2.7,51.49,1.7,32.42			
011231,DEAD MAN PASSION,70,28.0,0.00,0.00,0.00,0.7,0.00,0.5,0.00			
011551,KRAKEN,70,28.0,27.92,0.00,0.00,3.6,100.51,3.5,97.72			
011556,KRAKEN CHERRY,70,28.0,27.95,0.00,0.00,1.6,44.72,1.0,27.95			
011559,KRAKEN COFFEE,70,28.0,21.21,0.00,0.00,0.9,19.09,0.2,4.24			
011580,MORGANS SPICED,150,60.0,55.18,0.00,0.00,1.4,77.25,0.1,5.52			
011581,MORGANS SPICED,70,28.0,24.82,0.00,0.00,0.6,14.89,1.0,24.82			
011601,NELSONS RUM,70,28.0,24.57,0.00,0.00,0.9,22.11,0.9,22.11			
012081,BOMBAY SAPPHIRE,70,28.0,20.41,0.00,0.00,1.7,34.70,0.4,8.169			
012101,BROCKMANS GIN,70,28.0,31.62,0.00,0.00,2.9,91.70,2.6,82.21			
012116,BROOKLYN GIN,70,28.0,25.40,0.00,0.00,0.2,5.08,0.1,2.54			
012306,FOUR PILLARS GIN,70,28.0,17.24,0.00,0.00,0.4,6.90,0.4,6.90			
012341,GORDONS 0%,70,28.0,11.28,0.00,0.00,1.4,15.79,1.2,13.54			
012351,GORDONS,70,28.0,14.60,0.00,0.00,1.2,17.52,1.8,26.28			
012353,GORDONS CHERRY,70,28.0,17.24,0.00,0.00,2.0,34.48,0.6,10.34			
012355,GORDONS MED ORANGE,70,28.0,13.80,0.00,0.00,2.9,40.02,2.6,35.88			
012357,GORDONS LEMON,70,28.0,27.89,0.00,0.00,1.2,33.47,0.8,22.31			
012359,GORDONS PEACH,70,28.0,17.24,0.00,0.00,1.6,27.58,1.4,24.14			
012360,GORDONS PINK,150,60.0,15.83,0.00,0.00,0.4,6.33,0.0,0.00			
012361,GORDONS PINK,70,28.0,18.10,0.00,0.00,1.8,32.58,2.1,38.01			
012421,HENDRICKS,70,28.0,28.10,0.00,0.00,0.2,5.62,0.0,0.00			
012621,NELSONS GIN,70,28.0,24.57,0.00,0.00,0.7,17.20,0.7,17.20			
012772,RED DOOR GIN FOC,70,28.0,0.00,0.00,0.00,0.4,0.00,0.4,0.00			
012801,ROKU,70,28.0,31.69,0.00,0.00,0.1,3.17,0.0,0.00			
012807,RUGBY GIN FOC,70,28.0,0.00,0.00,0.00,1.0,0.00,1.0,0.00			
012931,W/NEIL APRICOT PINK,70,28.0,27.94,0.00,0.00,0.8,22.35,0.8,22.35			
012941,WHITNEY NEIL GIN,70,28.0,17.49,0.00,0.00,0.2,3.50,0.1,1.75			
012947,W/NEIL DIST CUT,70,28.0,17.49,0.00,0.00,1.3,22.74,1.2,20.99			
012949,W/NEIL BLK CHERRY,70,28.0,18.33,0.00,0.00,2.9,53.16,2.9,53.16
012950,W/NEIL B/ORANGE,70,28.0,17.49,0.00,0.00,1.6,27.98,2.1,36.73
012953,W/NEIL GOOSEBERRY,100,40.0,22.84,0.00,0.00,0.3,6.85,0.2,4.57
012954,W/NEIL PINEAPPLE,70,28.0,17.49,0.00,0.00,1.5,26.24,2.1,36.73
012955,W/NEIL PINK GRAPE,70,28.0,17.49,0.00,0.00,0.8,13.99,0.3,5.25
012957,W/NEIL RASPBERRY,70,28.0,22.84,0.00,0.00,1.7,38.83,3.0,67.38
012959,W/NEIL RHUBARB,70,28.0,19.06,0.00,0.00,1.8,34.31,0.9,17.15
013071,BELLS,70,28.0,17.39,0.00,0.00,0.9,15.65,4.8,83.47
013271,FAMOUS GROUSE,70,28.0,19.15,0.00,0.00,2.7,51.71,2.2,42.13
013950,WHYTE & MAKAY,150,60.0,29.16,0.00,0.00,0.9,26.24,0.9,26.24
013951,WHYTE & MACKAY,70,28.0,13.57,0.00,0.00,1.0,13.57,1.3,17.64
014041,AUCHENTOSHAN,70,28.0,23.48,0.00,0.00,1.0,23.48,0.6,14.09
014091,BOWMORE 12YO,70,28.0,38.96,0.00,0.00,1.7,66.23,1.3,48.70
014371,GLEN SCOTIA,70,28.0,10.95,0.00,0.00,0.8,8.76,0.7,7.67
014415,GLENLIVET FOUNDERS,70,28.0,57.40,0.00,0.00,2.9,166.46,2.3,132.02
014431,GLENMORANGIE 10YR,70,28.0,33.15,0.00,0.00,1.9,62.99,1.2,39.78
014455,HAIG CLUBMAN,70,28.0,25.65,0.00,0.00,0.2,5.13,0.2,5.13
014841,TALISKER,70,28.0,39.38,0.00,0.00,2.9,114.20,2.6,100.42
015340,JACK DANIELS,150,60.0,44.05,0.00,0.00,0.5,22.03,0.0,0.00	
015341,JACK DANIELS,70,28.0,19.25,0.00,0.00,3.2,61.60,3.1,59.68
015361,JIM BEAM WHITE,70,28.0,12.99,0.00,0.00,1.2,15.59,0.7,9.09
015501,SOUTHERN COMFORT,70,28.0,20.65,0.00,0.00,3.6,74.34,3.7,76.41
015720,JAMESON,150,60.0,34.02,0.00,0.00,0.7,23.81,0.7,23.81
015721,JAMESON,70,28.0,19.05,0.00,0.00,2.0,38.10,1.0,19.05
016371,JJ WHITLEY VODKA,70,28.0,25.50,0.00,0.00,0.3,7.65,0.0,0.00
016801,SMIRNOFF RED,70,28.0,17.50,0.00,0.00,1.9,33.25,1.9,33.25
017651,PIMMS NO1,100,40.0,16.01,0.00,0.00,2.3,36.82,2.3,36.82
018081,AMARETTO,70,28.0,20.58,0.00,0.00,2.6,53.51,3.3,67.91
018091,AMARETTO WHITE,70,28.0,19.86,0.00,0.00,1.9,37.73,1.9,37.73
018150,BAILEYS IRISH CRM,150,30.0,30.36,0.00,0.00,1.0,30.36,0.0,0.00
018151,BAILEYS IRISH CRM,70,14.0,15.89,0.00,0.00,0.0,0.00,3.8,60.38 
018171,BENEDICTINE,70,28.0,15.42,0.00,0.00,0.9,13.88,0.9,13.88 
018501,DRAMBUIE,70,28.0,29.92,0.00,0.00,1.9,56.85,1.7,50.86
018731,GRAND MARNIER,70,28.0,16.36,0.00,0.00,0.6,9.82,0.0,0.00
018841,JAGERMEISTER,70,28.0,19.47,0.00,0.00,1.6,31.15,0.7,13.63
018861,KAHLUA,70,28.0,15.00,0.00,0.00,2.8,42.00,3.5,52.50
019050,MALIBU ORIGINAL,150,60.0,27.13,0.00,0.00,0.7,18.99,0.1,2.71
019051,MALIBU ORIGINAL,70,28.0,14.03,0.00,0.00,0.7,9.82,0.6,8.42
019340,ARCHERS SCHNAPPS,150,60.0,25.28,0.00,0.00,0.9,22.75,1.0,25.28
019341,ARCHERS PEACH SCH,70,28.0,14.22,0.00,0.00,1.7,24.17,1.0,14.22
019513,SAMBUCA ANTICA,70,28.0,14.87,0.00,0.00,1.5,22.31,2.0,29.74
019697,TEQ DEAD MAN RASP,70,28.0,0.00,0.00,0.00,0.8,0.00,0.4,0.00
019785,TEQ PATRON SILVER,70,28.0,0.00,0.00,0.00,0.5,0.00,1.0,0.00
019793,TEQ ROSE,70,28.0,13.49,0.00,0.00,0.2,2.70,2.0,26.98
019831,TIA MARIA,70,28.0,28.61,0.00,0.00,5.0,143.05,0.0,0.00
019832,WRAY & NEPHEW RUM,70,28.0,24.22,0.00,0.00,0.0,0.00,3.8,92.04
019834,GREY GOOSE VODKA,70,28.0,35.53,0.00,0.00,0.0,0.00,1.4,49.74
019835,SMIRNOFF PEACH,70,28.0,18.25,0.00,0.00,0.0,0.00,0.8,14.60
019836,CURACAO BLUE DKY,35,14.0,10.15,0.00,0.00,0.0,0.00,0.8,8.12
019837,APEROL,70,28.0,12.00,0.00,0.00,0.0,0.00,3.0,36.00
021221,CINZANO BIANCO,75,15.0,6.73,0.00,0.00,0.9,6.06,0.9,6.06		
021500,MARTINI DRY,150,30.0,11.68,0.00,0.00,0.3,3.50,0.3,3.50
021540,MARTINI RED,150,30.0,13.24,0.00,0.00,0.3,3.97,0.2,2.65
022451,COCKBURNS SPECIAL,75,15.0,14.23,0.00,0.00,0.8,11.38,0.4,5.69
023761,NIEPOORT RUBY PORT,75,15.0,14.23,0.00,0.00,0.9,12.81,0.9,12.81
024561,TAYLORS TAWNY PORT,75,15.0,12.60,0.00,0.00,1.0,12.60,1.8,22.68
025201,BRISTOL CREAM,75,15.0,10.47,0.00,0.00,1.6,16.75,0.3,3.14
029121,CRABBIES GINGER,70,28.0,8.69,0.00,0.00,0.7,6.08,0.7,6.08
030221,BEAUJOLAIS VILLAGE,BOT,1.0,8.29,0.00,0.00,8.0,66.32,7.0,58.03
030421,CAB SAUV BROOKFORD,BOT,1.0,6.10,0.00,0.00,5.3,32.33,6.0,36.60
030511,CHARD BROOKFORD,BOT,1.0,6.10,0.00,0.00,20.3,123.83,17.5,106.75
030551,CHARD MACON VILLAGE,BOT,1.0,9.13,0.00,0.00,7.0,63.91,6.0,54.78
030571,CHARD OUDE KAAP,BOT,1.0,5.49,0.00,0.00,15.0,82.35,18.0,98.82
030651,CHENIN OUDE KAAP,BOT,1.0,5.28,0.00,0.00,10.7,56.50,22.0,116.16
034111,MALBEC CIMA,BOT,1.0,7.06,0.00,0.00,13.7,96.72,0.0,0.00
034221,MALBEC DESPACITO,BOT,1.0,7.06,0.00,0.00,0.0,0.00,20.4,144.02
034321,MALBEC HERMANDAD,BOT,1.0,14.84,0.00,0.00,2.0,29.68,1.0,14.84
034421,MALBEC WHITE,BOT,1.0,7.75,0.00,0.00,5.0,38.75,4.5,34.88
034531,MERLOT CASA SANTI,BOT,1.0,6.33,0.00,0.00,16.1,101.91,8.3,52.54
034581,MERLOT IL MOLO,BOT,1.0,5.00,0.00,0.00,5.0,25.00,0.0,0.00
034621,P/GRIGIO IL MOLO,BOT,1.0,5.00,0.00,0.00,3.0,15.00,0.0,0.00
034661,P/GRIGIO TREVIGIAN,BOT,1.0,5.72,0.00,0.00,15.7,89.80,14.0,80.08
034671,P/GRIGIO TREV ROSE,BOT,1.0,5.72,0.00,0.00,19.8,113.26,18.9,108.11
034811,P/NOIR ARTE NOBLE,BOT,1.0,5.95,0.00,0.00,9.0,53.55,8.0,47.60
034821,P/NOIR BOURG,BOT,1.0,0.01,0.00,0.00,7.0,0.07,9.0,0.09
034851,PINOT NOIR ROCHEBIN,BOT,1.0,6.95,0.00,0.00,2.0,13.90,0.0,0.00
035321,RIOJA CHOZA,BOT,1.0,9.18,0.00,0.00,9.0,82.62,19.0,174.42
036521,SAUV BLNC AOTEAROA,BOT,1.0,8.75,0.00,0.00,1.0,8.75,0.0,0.00
036551,SAUV BLNC INVINIT,BOT,1.0,9.18,0.00,0.00,6.0,55.08,3.0,27.54
036571,SAUV BLNC OUDE KAAP,BOT,1.0,6.10,0.00,0.00,9.0,54.90,6.0,36.60
036591,SAUV BLNC SANTIAGO,BOT,1.0,6.33,0.00,0.00,5.3,33.55,15.7,99.38
036851,SHIRAZ BROOKFORD,BOT,1.0,5.29,0.00,0.00,14.6,77.23,28.4,150.24
037851,ZINF HILMASPRINGS,BOT,1.0,6.10,0.00,0.00,19.0,115.90,21.0,128.10
038651,CAVA LACRIMA,BOT,1.0,6.63,0.00,0.00,1.0,6.63,1.0,6.63
038856,PROSECCO ROSE,200,1.0,2.36,0.00,0.00,77.0,181.72,0.0,0.00
038871,PROSECCO TREVIGIAN,BOT,1.0,6.95,0.00,0.00,6.0,41.70,31.0,215.45
038873,PROSECCO TREVIGIAN,200,1.0,2.36,0.00,0.00,52.0,122.72,414.0,977.04
038881,PROSECCO TREV ROSE,BOT,1.0,6.95,0.00,0.00,10.0,69.50,11.0,76.45
040481,BASS ALE 10GAL,GAL,8.0,10.73,0.00,0.00,15.5,166.32,39.0,418.47		
046321,GUINNESS,GAL,8.0,15.37,0.00,0.00,30.0,461.10,29.0,445.73
047281,CARLING,GAL,8.0,12.09,0.00,0.00,44.0,531.96,44.0,531.96
047446,ESTRELLA 0%,GAL,8.0,9.82,0.00,0.00,5.3,52.05,8.0,78.56
048061,MADRI,GAL,8.0,13.73,0.00,0.00,31.0,425.63,54.0,741.42 
048501,SAN MIGUEL,GAL,8.0,12.19,0.00,0.00,54.0,658.26,42.0,511.98
052336,GUINNESS O% CANS,440,12.0,18.17,0.00,0.00,7.3,132.64,12.2,221.67
055061,PERONI N/AZZURO,330,12.0,13.79,0.00,0.00,8.8,121.35,5.1,70.33
055071,PERONI 0%,330,12.0,14.06,0.00,0.00,4.1,57.65,3.3,46.40
060131,ASPALL 4.5%,GAL,8.0,10.37,0.00,0.00,48.0,497.76,35.0,362.95		
064851,KOPPABERG M/FRUIT,500,12.0,22.49,0.00,0.00,4.5,101.21,1.6,35.98
064881,KOPPABERG ST/LIME,500,12.0,22.47,0.00,0.00,4.3,96.62,5.4,120.44
064891,KOPPABERG S/L 0%,500,12.0,22.31,0.00,0.00,0.0,0.00,3.8,84.78 
065371,OLD MOUT KIWI,500,12.0,17.90,0.00,0.00,0.3,5.37,0.9,16.11 
071521,F/TREE AROMATIC,200,12.0,8.36,0.00,0.00,3.9,32.60,0.4,3.34
071551,F/TREE GINGER ALE,200,12.0,9.18,0.00,0.00,3.5,32.13,4.9,44.98
071581,F/TREE TONIC,200,12.0,8.25,0.00,0.00,4.1,33.83,6.8,56.10
071595,F/TREE LIGHT TONIC,200,12.0,8.25,0.00,0.00,1.2,9.90,4.4,36.30
071599,F/TREE MED,200,12.0,4.63,0.00,0.00,0.8,3.84,0.0,0.00
075100,BELU WATER,750,12.0,11.74,0.00,0.00,2.5,29.35,1.3,15.26
075621,RADNOR HILLS WATER,330,12.0,2.04,0.00,0.00,0.4,0.86,0.0,0.00
075701,SPRINGBOURNE WATER,330,12.0,4.53,0.00,0.00,3.0,13.59,1.3,5.89
076151,COLA 5.4-1,LTR,22.4,4.68,0.00,0.00,26.0,121.68,16.0,74.88
076321,GINGER BEER 5-1,LTR,21.0,4.95,0.00,0.00,20.0,99.00,19.0,94.05
076621,ORANGE JUICE 4-1,LTR,17.5,6.89,0.00,0.00,20.0,137.80,31.0,213.59
076701,PEPSI MAX 5-1,LTR,21.0,6.06,0.00,0.00,30.0,181.80,23.0,139.38
076901,LEMONADE 7.5-1,LTR,29.7,3.57,0.00,0.00,41.0,146.37,34.0,121.38
077301,COCA COLA CN,330,12.0,8.20,0.00,0.00,6.3,51.66,5.0,41.00
077303,COCA COLA CN,150,12.0,7.77,0.00,0.00,1.8,14.22,0.0,0.00
077311,COKE ZERO CN,330,12.0,1.00,0.00,0.00,1.1,1.08,0.0,0.00
077521,FANTA CN,330,12.0,1.00,0.00,0.00,4.4,4.40,3.2,3.20
077681,PEPSI MAX CN,330,12.0,5.99,0.00,0.00,13.8,82.66,15.8,94.64
077901,TANGO CANS,330,12.0,4.79,0.00,0.00,12.3,58.68,0.0,0.00
077921,PET FANTA,500,12.0,13.40,0.00,0.00,7.5,100.50,0.0,0.00
077941,PET LUCOZADE,500,12.0,10.25,0.00,0.00,3.3,34.13,0.0,0.00
077951,PET OASIS,500,12.0,14.39,0.00,0.00,4.7,67.20,0.0,0.00
077961,PET RIBENA,500,12.0,1.00,0.00,0.00,2.3,2.25,0.0,0.00
077971,PET VIMTO,500,12.0,1.00,0.00,0.00,0.3,0.25,0.0,0.00
077991,PET WATER,500,12.0,1.00,0.00,0.00,4.8,4.83,0.0,0.00
077992,COCA COLA ICON,330,12.0,10.63,0.00,0.00,0.0,0.00,1.9,20.20
077993,RED BULL,250,12.0,12.00,0.00,0.00,0.0,0.00,1.3,15.60
090171,BACON FRIES,DOZ,12.0,5.27,0.00,0.00,0.0,0.00,5.1,26.98
094421,DRY ROAST KP 50G,DOZ,12.0,9.65,0.00,0.00,1.9,18.34,2.7,26.06
095751,SALTED NUTS KP 50G,DOZ,12.0,9.65,0.00,0.00,2.7,26.06,3.9,37.64 
098051,AREO MINT,DOZ,12.0,6.75,0.00,0.00,3.1,20.79,0.0,0.00
098271,CRUNCHIE,DOZ,12.0,9.79,0.00,0.00,4.6,45.03,2.4,23.50
098276,DAIRY MILK 45G,DOZ,12.0,7.11,0.00,0.00,5.4,38.39,0.1,0.71
098561,HARIBO STARMIX,DOZ,12.0,14.91,0.00,0.00,2.3,33.55,0.0,0.00
098566,HARIBO SUPERMIX,DOZ,12.0,14.91,0.00,0.00,0.6,8.95,0.9,13.42	
098571,HARIBO TANGFASTIC,DOZ,12.0,14.91,0.00,0.00,0.7,10.44,0.2,2.98
098621,GALAXY,DOZ,12.0,7.50,0.00,0.00,6.5,48.75,0.0,0.00
098871,KIT KAT 4 FINGER,DOZ,12.0,6.09,0.00,0.00,1.8,11.14,0.0,0.00
098873,KIT KAT 2 FINGER,TEN,10.0,1.74,0.00,0.00,13.9,24.19,0.0,0.00
099000,MALTESERS,TEN,10.0,4.75,0.00,0.00,5.1,24.23,0.0,0.00
099021,MARS BARS,DOZ,12.0,5.37,0.00,0.00,6.5,34.91,0.0,0.00
099026,MINSTRELS,TEN,10.0,0.01,0.00,0.00,0.4,0.00,0.0,0.00
099031,MAOAM PINBALLS,TEN,10.0,10.14,0.00,0.00,2.3,23.32,0.0,0.00
099351,SNICKERS,DOZ,12.0,6.49,0.00,0.00,5.9,38.29,2.1,13.63
099521,TWIRL,DOZ,12.0,6.24,0.00,0.00,1.6,9.86,0.0,0.00
099711,TWIX,TEN,10.0,5.00,0.00,0.00,3.9,19.50,0.0,0.00
099712,PORK SCRATCHINGS,DOZ,12.0,8.16,0.00,0.00,0.0,0.00,6.0,48.96
099713,SCAMPI FRIES,DOZ,12.0,5.29,0.00,0.00,0.0,0.00,3.2,16.93

071611,FRUIT SHOOTS,275,12.0,5.55,0.00,0.00,6.4,35.52,4.3,23.87
012623,NELSONS FLV GIN,70,28.0,24.57,0.00,0.00,1.1,27.03,1.5,36.86	
011605,NELSONS FLV RUM,70,28.0,24.57,0.00,0.00,1.7,41.77,1.5,36.86			
019611,SOURZ,70,28.0,7.88,0.00,0.00,2.0,15.76,2.0,15.76
071191,BRITVIC J2O,275,12.0,13.54,0.00,0.00,13.2,178.73,9.9,134.05 		
076171,POSTMIX CORDIAL,LTR,20.0,1.44,0.00,0.00,63.0,90.72,55.0,79.20
090601,CRISPS PIPERS 40G,TEN,10.0,6.20,0.00,0.00,16.2,100.44,18.8,116.56

042731,T.TAYLOR L/LORD,GAL,8.0,12.01,0.00,0.00,21.0,252.21,0.0,0.00
042771,LEVEL HEAD 30L,GAL,8.0,13.47,0.00,0.00,12.5,168.38,16.2,218.21
044121,TAIHEKE,GAL,8.0,10.00,0.00,0.00,9.0,90.00,0.0,0.00	
044321,ROCKING RUDOLPH,GAL,8.0,9.78,0.00,0.00,8.0,78.24,0.0,0.00
045721,XT4 SESSION AMBER,GAL,8.0,9.78,0.00,0.00,9.0,88.02,0.0,0.00
048502,TURTLE TRPICAL,GAL,8.0,10.46,0.00,0.00,0.0,0.00,4.4,46.02
048503,SPOT ON,GAL,8.0,10.46,0.00,0.00,0.0,0.00,4.4,46.02
048504,LUNA PEACH PALE,GAL,8.0,10.91,0.00,0.00,0.0,0.00,4.4,48.00
048505,BLONDE ALE,GAL,8.0,10.44,0.00,0.00,0.0,0.00,3.0,31.32

999001,FRUIT SHOOTS – Apple & Blackcurrant,275,12.0,5.55,0.00,0.00,3.9,21.59,2.6,14.51
999002,FRUIT SHOOTS – Orange,275,12.0,5.55,0.00,0.00,2.5,13.93,1.7,9.36
999003,NELSONS FLV GIN – Rhubarb & Custard,70,28.0,24.57,0.00,0.00,0.5,11.83,0.7,16.13
999004,NELSONS FLV GIN – Temir,70,28.0,24.57,0.00,0.00,0.6,15.20,0.8,20.73
999005,NELSONS FLV RUM - CHOCOLATE,70,28.0,24.57,0.00,0.00,0.5,12.53,0.5,11.06
999006,NELSONS FLV RUM - SIGNATURE,70,28.0,24.57,0.00,0.00,1.2,29.24,1.1,25.80
999007,SOURZ - APPLE,70,28.0,7.88,0.00,0.00,1.1,8.34,1.1,8.34
999008,SOURZ - CHERRY,70,28.0,7.88,0.00,0.00,0.9,7.42,0.9,7.42
999009,BRITVIC J2O – Apple & Mango,275,12.0,13.54,0.00,0.00,5.1,69.24,3.8,51.93
999010,BRITVIC J2O – Apple & Raspberry,275,12.0,13.54,0.00,0.00,4.2,56.36,3.1,42.27
999011,BRITVIC J2O – Orange & Passion Fruit,275,12.0,13.54,0.00,0.00,3.9,53.14,2.9,39.85
999012,POSTMIX CORDIAL - ORANGE,LTR,20.0,1.44,0.00,0.00,19.7,28.35,17.2,24.75
999013,POSTMIX CORDIAL - BLACKCURRANT,LTR,20.0,1.44,0.00,0.00,23.6,34.02,20.6,29.70
999014,POSTMIX CORDIAL - LIME,LTR,20.0,1.44,0.00,0.00,19.7,28.35,17.2,24.75
999015,CRISPS PIPERS 40G - Cheddar & Onion,TEN,10.0,6.20,0.00,0.00,2.9,17.98,3.4,20.87
999016,CRISPS PIPERS 40G - Cider & Vinegar,TEN,10.0,6.20,0.00,0.00,3.7,23.25,4.4,26.98
999017,CRISPS PIPERS 40G - Longhorn Beef,TEN,10.0,6.20,0.00,0.00,2.6,16.23,3.0,18.83
999018,CRISPS PIPERS 40G - See Salt,TEN,10.0,6.20,0.00,0.00,3.7,22.81,4.3,26.47
999019,CRISPS PIPERS 40G - Sweet Chilli,TEN,10.0,6.20,0.00,0.00,3.3,20.18,3.8,23.41

999020,Guest Ale,GAL,8.0,12.02,0.00,0.00,59.5,676.85,32.4,389.57