Code, Name, Size, Holding, Cost_Price, Value, Division
010001,BACON 2.27KG,PKT,8.0,11.05,88.40,MEAT & POULTRY
010003,BEEF SILVERSIDE,KGS,8.0,14.75,118.00,MEAT & POULTRY
010004,BEEF SLICED 500G,EAC,2.0,11.75,23.50,MEAT & POULTRY
010020,BLACK PUDDING STICK,KGS,1.0,3.88,3.88,MEAT & POULTRY
010006,CHICKEN FILLET 6OZ,EAC,40.0,1.45,58.00,MEAT & POULTRY
010007,CHICKEN NUGGETS,1KG,11.5,8.00,92.00,MEAT & POULTRY
010011,HAM COOKED 500G,PKT,6.0,5.80,34.80,MEAT & POULTRY
010018,PIGS IN BLANKETS,BAG,5.0,11.88,59.40,MEAT & POULTRY
010019,PORK LOIN,KGS,8.0,6.75,54.00,MEAT & POULTRY
010014,SAUSAGE COCKTAIL,2.2,1.5,19.77,29.66,MEAT & POULTRY
010016,SAUSAGE FRESH 2.5,TRY,5.0,9.78,48.90,MEAT & POULTRY
010017,SAUSAGE PORK 8`S,BOX,1.0,20.75,20.75,MEAT & POULTRY
020001,COD FILLETS,EAC,6.0,3.60,21.60,FISH
020008,FISH CAKES COD & PRAWN,BOX,0.5,38.25,19.13,FISH
020002,FISH FINGER JUMBO,X36,1.5,43.29,64.94,FISH
020004,PRAWNS 1.5KG,BAG,0.5,25.20,12.60,FISH
020006,SCAMPI YOUNGS 450G,BAG,7.5,7.65,57.38,FISH
030001,BUTTER BLOCK,EAC,46.0,2.25,103.50,DAIRY
030002,BUTTER PTNS X100,BOX,1.5,6.36,9.54,DAIRY
030003,CH PARMESAN,KGS,0.5,15.32,7.66,DAIRY
030023,CH SLICES,PKT,2.5,9.79,24.48,DAIRY
030004,CH STILTON,KGS,1.0,16.95,16.95,DAIRY
030024,CH VEGAN,PKT,2.0,3.95,7.90,DAIRY
030005,CHEESE BRIE,KGS,2.5,8.99,22.48,DAIRY
030006,CHEESE CHED MATURE,KGS,4.9,13.85,67.87,DAIRY
030007,CHEESE GOAT LOG,EAC,1.5,13.18,19.77,DAIRY
030008,CHEESE GRATED 1KG,BAG,5.0,12.75,63.75,DAIRY
030009,CHEESE PHILADELPA,1.6,1.0,12.99,12.99,DAIRY
030010,CREAM CLOTTED,EAC,2.0,0.36,0.72,DAIRY
030011,CREAM M/LAND 1LTR,LTR,10.0,3.33,33.30,DAIRY
030013,CUSTARD,EAC,15.0,1.67,25.05,DAIRY
030014,EGGS,EAC,240.0,0.24,57.60,DAIRY
030015,FLORA BUTTERY,2KG,5.0,16.19,80.95,DAIRY
030018,MILK 2LTR,TUB,10.0,1.45,14.50,DAIRY
030021,MILK SOYA,LTR,2.0,2.48,4.96,DAIRY
040003,BREAD BAKER W/MEAL,EAC,6.0,2.37,14.22,BAKERY
040004,BREAD BAKER WHITE,EAC,9.0,2.53,22.77,BAKERY
040028,BREAD CIABATTA,BOX,1.0,11.75,11.75,BAKERY
040006,BREAD G/F SLICED,EAC,1.5,1.97,2.96,BAKERY
040007,BREAD HOVIS BROWN,EAC,2.5,1.90,4.75,BAKERY
040008,BREAD HOVIS WHITE,EAC,1.0,1.90,1.90,BAKERY
040029,BREAD ROLL GF,EAC,15.0,1.06,15.90,BAKERY
040009,BRIOCHE BUN SLCD,EAC,18.0,0.36,6.48,BAKERY
040010,BUN FLOURED,EAC,92.0,0.38,34.96,BAKERY
040027,GARLIC BREAD,BOX,1.0,28.22,28.22,BAKERY
040012,NAAN BREAD,EAC,25.0,0.64,16.00,BAKERY
040030,SABLES CASES 8.5CM,BOX,1.0,37.08,37.08,BAKERY
040021,SOUP ROLLS,EAC,18.0,0.25,4.50,BAKERY
040022,TEA CAKES,EAC,24.0,0.46,11.04,BAKERY
040023,TORTILLA WRAPS,PKT,6.0,2.98,17.88,BAKERY
050012,C/CAKE TRILLIONAIRE,PTN,10.0,1.68,16.80,DESSERTS & ICE CREAM
050014,CHOCOLATE FUDGE CAKE GF,PTN,14.0,0.97,13.58,DESSERTS & ICE CREAM
050015,CHOCOLATE PUDDING,EAC,12.0,1.01,12.12,DESSERTS & ICE CREAM
050002,CHRISTMAS PUD,EAC,9.0,1.05,9.45,DESSERTS & ICE CREAM
050005,H/M BROWNIE,PTN,47.0,1.09,51.23,DESSERTS & ICE CREAM
050006,H/M CRUMBLE,PTN,2.0,1.00,2.00,DESSERTS & ICE CREAM
050011,I/C SORBET YORVALE,2LT,1.5,15.56,23.34,DESSERTS & ICE CREAM
050007,I/C VANILLA C/NISH 5LT,TUB,1.4,24.08,33.71,DESSERTS & ICE CREAM
050009,MINCE PIES,X6,2.0,1.55,3.10,DESSERTS & ICE CREAM
050010,STICKY TOFFEE PUDS,EAC,8.0,1.58,12.64,DESSERTS & ICE CREAM
050013,VICTORIA SPONGE GF,PTN,14.0,1.91,26.74,DESSERTS & ICE CREAM
060001,APPLES,EAC,11.0,0.55,6.05,FRUIT & VEG
060058,ASPARAGUS,BNC,8.0,2.80,22.40,FRUIT & VEG
060004,CABBAGE WHITE,EAC,5.5,1.69,9.30,FRUIT & VEG
060005,CARROT,KGS,10.0,1.15,11.50,FRUIT & VEG
060056,CARROTS RAINBOW,PUN,6.0,3.29,19.74,FRUIT & VEG
060057,CELERY,HED,2.0,1.45,2.90,FRUIT & VEG
060007,CRESS,PUN,2.0,0.29,0.58,FRUIT & VEG
060008,CUCUMBER,EAC,9.0,1.19,10.71,FRUIT & VEG
060009,FZ BROCOLLI 2.5KG,BAG,12.0,5.68,68.16,FRUIT & VEG
060013,FZ CAULI 1KG,BAG,1.0,1.00,1.00,FRUIT & VEG
060014,FZ CHIPS CHUNKY 2.5KG,BAG,12.0,4.25,51.00,FRUIT & VEG
060016,FZ CHIPS SKIN ON,2.5,1.0,3.77,3.77,FRUIT & VEG
060019,FZ HASH BROWN 2.5,BAG,2.5,9.97,24.93,FRUIT & VEG
060020,FZ MASH POTATO 2.5,BAG,1.5,5.93,8.90,FRUIT & VEG
060026,FZ PEAS FANCY 1KG,BAG,11.5, 2.47,28.41,FRUIT & VEG
060028,FZ POTATO ROAST 2.5K,BAG,3.0,7.39,22.17,FRUIT & VEG
060033,FZ SWEET POTATO 2.5K,BAG,1.5,14.37,21.56,FRUIT & VEG
060035,FZ TWISTER FRIES 2.5K,BAG,2.0,7.97,15.94,FRUIT & VEG
060036,GARLIC STRING,EAC,50.0,0.32,16.00,FRUIT & VEG
060037,GRAPES,PUN,1.0,2.60,2.60,FRUIT & VEG
060038,HERBS FRESH,BUN,11.5,1.85,21.28,FRUIT & VEG
060059,LEEKS,KGS,3.0,1.27,3.81,FRUIT & VEG
060039,LEMONS,EAC,12.0,0.56,6.72,FRUIT & VEG
060040,LETTUCE BABY GEM,PKT,6.0,1.45,8.70,FRUIT & VEG
060041,MUSHROOMS,KGS,3.0,3.78,11.34,FRUIT & VEG
060060,ONION SPRING,BCH,3.0,0.69,2.07,FRUIT & VEG
060042,ONIONS RED,KGS,6.0,1.45,8.70,FRUIT & VEG
060061,PARSNIPS,KGS,5.0,2.01,10.05,FRUIT & VEG
060045,PEA SHOOTS,100,2.0,1.89,3.78,FRUIT & VEG
060046,PEPPERS,KGS,2.0,4.22,8.44,FRUIT & VEG
060047,POTATOES BABY NEW,10K,0.1,16.54,1.65,FRUIT & VEG
060049,POTATOES MARIS,25K,0.8,20.00,16.00,FRUIT & VEG
060050,RADISH,BAG,3.0,0.69,2.07,FRUIT & VEG
060052,SALAD MIX 500G,BAG,3.0,4.59,13.77,FRUIT & VEG
060053,STRAWBERRIES,PUN,0.5,3.50,1.75,FRUIT & VEG
060054,TOMATO CHERRY 3KG,TRY,1.0,16.95,16.95,FRUIT & VEG
070004,COCOA FANTASY,1KG,13.0,4.60,59.80,HOT DRINKS
070005,COFFEE BEAN LAVAZ,1KG,4.0,15.29,61.16,HOT DRINKS
070008,MILLFRESH MILK,500,25.0,4.08,102.00,HOT DRINKS
070010,NESCAFE DECAF 500,TIN,2.0,21.12,42.24,HOT DRINKS
070012,TEABAG TETLEY 1100,BAG,4.1,26.09,106.97,HOT DRINKS
080001,APPLE SCE 2.35,TUB,1.3,10.44,13.57,SAUCES
080002,BALSAMIC GLAZE,500,4.5,7.08,31.86,SAUCES
080004,BBQ LTR,BOT,2.3,2.00,4.60,SAUCES
080005,BBQ SAUCE 2.3,TUB,1.0,8.96,8.96,SAUCES
080007,BRANSTON 360G,JAR,2.0,2.50,5.00,SAUCES
080044,BURGER SAUCE,LTR,3.0,3.40,10.20,SAUCES
080009,CAESAR DRESS 2.27,TUB,0.7,11.09,7.76,SAUCES
080010,CHILLI SAUCE 1.0,TUB,1.0,3.59,3.59,SAUCES
080013,CURRY PASTE,2.3,1.0,11.99,11.99,SAUCES	
080014,DESSERT SAUCES,EAC,11.7,3.13,36.62,SAUCES
080043,GINGER PUREE,750,1.0,12.12,12.12,SAUCES	
080017,HORSERADISH 2.27,TUB,1.8,9.13,16.43,SAUCES
080045,MANGO CHUTNEY,2.6,1.0,7.49,7.49,SAUCES	
080020,MAYO VEGAN,LTR,1.0,3.43,3.43,SAUCES
080021,MAYONNAISE 5LT,TUB,3.0,19.99,59.97,SAUCES
080022,MINT SAUCE 2.27,TUB,1.5,8.23,12.35,SAUCES
080024,MUSTARD DIJON 2.27,TUB,1.0,18.18,18.18,SAUCES
080025,MUSTARD ENG 2.2L,TUB,0.3,4.40,1.32,SAUCES
080027,ONION CHUT 1.15,TUB,1.5,6.65,9.98,SAUCES
080028,SALSA THICK 2.3,TUB,1.0,13.05,13.05,SAUCES
080029,SCH BROWN FAIRWAY,BOX,3.5,18.98,66.43,SAUCES
080031,SOYA LIGHT 1.9L,BOT,1.0,13.24,13.24,SAUCES
080032,SQZ BBQ SAUCE,465,2.0,2.37,4.74,SAUCES
080033,SQZ BROWN HP,285,8.0,2.54,20.32,SAUCES
080034,SQZ MAYO HZ,220,10.0,1.13,11.30,SAUCES
080035,SQZ SALAD CREAM,425,7.0,2.36,16.52,SAUCES
080036,SQZ TOMATO HZ,342,10.0,1.63,16.30,SAUCES
080039,WORCHESTER SAUCE,568,1.0,4.61,4.61,SAUCES
080042,YOGURT & MINT 2.27,TUB,1.0,11.71,11.71,SAUCES
090001,ALMONDS FLAKED,KGS,1.0,7.93,7.93,DRY GOODS
090002,ALMONDS GROUND,KGS,0.5,10.28,5.14,DRY GOODS
090003,APPLES SOLID PACK 2.6,TIN,3.0,3.90,11.70,DRY GOODS
090004,BATTER MIX 3.5K,BAG,1.0,10.77,10.77,DRY GOODS
090095,BATTER MIX G/F,3.5,1.0,11.08,11.08,DRY GOODS
090005,BEANS BAKED 2.62KG,TIN,8.0,5.79,46.32,DRY GOODS
090008,BEANS KIDNEY 2.6KG,TIN,1.0,5.86,5.86,DRY GOODS
090096,BISCOFF CRUMB,BAG,2.0,3.88,7.76,DRY GOODS
090009,BISCOFF SPREAD,1.6,1.0,14.99,14.99,DRY GOODS
090010,BISCUITS CHEESE 800G,BOX,3.0,7.20,21.60,DRY GOODS
090011,BISCUITS LOTUS,300,2.5,13.73,34.33,DRY GOODS
090014,BOUILLION VEG PAST,1KG,3.0,24.67,74.01,DRY GOODS
090097,BREAD STICKS,BOX,13.0,3.35,43.55,DRY GOODS
090017,CER SPECIAL K,500,2.0,4.00,8.00,DRY GOODS
090019,CHOC CALLETS,BAG,1.0,60.27,60.27,DRY GOODS
090020,COCOA BOURNVILLE,1.5,1.0,25.00,25.00,DRY GOODS
090021,COCONUT MILK 400,TIN,1.0,0.88,0.88,DRY GOODS
090022,CORNFLOUR 3.5K,BAG,1.0,7.95,7.95,DRY GOODS
090024,CRISPS PIPERS 600G,TUB,1.5,5.26,7.89,DRY GOODS
090025,FLOUR PLAIN 1.5K,BAG,4.8,1.51,7.25,DRY GOODS
090098,FLOUR RICE,3KG,0.5,17.70,8.85,DRY GOODS
090027,FLOUR S/R 1.5KG,BAG,5.8,1.63,9.45,DRY GOODS
090030,GOLDEN SYRUP 750G,TUB,1.5,3.23,4.85,DRY GOODS
090032,GRAVY BISTO POULTRY,1.8,1.0,11.35,11.35,DRY GOODS
090099,GRAVY BROWNING,1.2,1.0,8.96,8.96,DRY GOODS
090033,GRAVY KNORR 1.88KG,TUB,6.0,13.99,83.94,DRY GOODS
090035,HERBS & SPICES,TUB,38.0,4.00,152.00,DRY GOODS
090101,HONEY SQY,340,5.5,3.83,21.07,DRY GOODS
090102,HOT DOGS 3.4KG,TIN,1.0,13.73,13.73,DRY GOODS
090037,JAM 28G JAR,EAC,164.0,0.28,45.92,DRY GOODS
090103,JAM CHILLI,2.4,0.5,6.56,3.28,DRY GOODS
090039,JAM STRAWBERRY,3KG,36.0,12.40,446.40,DRY GOODS
090040,JAM VARIOUS,454,1.0,1.20,1.20,DRY GOODS
090104,LENTILS RED,3KG,0.5,11.22,5.61,DRY GOODS
090042,MARMALADE 28G JAR,EAC,57.0,0.31,17.67,DRY GOODS
090045,MUSHY PEAS 2.6KG,TIN,2.0,4.40,8.80,DRY GOODS
090112,NUT PINE,KGS,1.0,32.95,32.95,DRY GOODS
090048,NUT PISTACHIO,1KG,1.0,19.97,19.97,DRY GOODS
090049,OATS PORRIDGE 3KG,BAG,1.0,8.76,8.76,DRY GOODS
090106,OIL BASIL,500,4.0,8.28,33.12,DRY GOODS
090100,OIL GARNISH,200,3.0,7.40,22.20,DRY GOODS
090051,OIL OLIVE 5 LTR,BOT,1.0,19.73,19.73,DRY GOODS
090052,OIL OLLECO 20LTR,TUB,5.0,39.99,199.95,DRY GOODS
090056,PANKO CRUMB 1KG,BAG,5.5,5.16,28.38,DRY GOODS
090061,PEARS 800G,410,4.0,1.10,4.40,DRY GOODS
090108,PICKLED ONIONS DRIVERS,2.2,1.0,11.19,11.19,DRY GOODS
090107,PIE FILLING CHERRY,2KG,1.0,16.24,16.24,DRY GOODS
090105,PRAWN CRACKERS,BAG,0.5,15.35,7.68,DRY GOODS
090064,RICE ARBORIO,1KG,1.0,3.56,3.56,DRY GOODS
090065,RICE BASMATI 5KG,BAG,0.5,26.10,13.05,DRY GOODS
090067,RICE PUDDING 5KG,BAG,0.5,5.18,2.59,DRY GOODS
090068,SALT 6KG,TUB,1.5,11.71,17.57,DRY GOODS
090069,SCH PEPPER,BOX,1.0,8.25,8.25,DRY GOODS
090070,SCH SALT,BOX,1.0,6.63,6.63,DRY GOODS
090072,SPONGE FINGERS,500,1.0,4.87,4.87,DRY GOODS
090073,STUFFING MIX 3KG,BAG,2.5,5.99,14.98,DRY GOODS
090110,SUGAR CANE PURE,TUB,2.0,5.31,10.62,DRY GOODS
090076,SUGAR DEMARARA 3KG,BAG,0.5,6.83,3.42,DRY GOODS
090109,SUGAR GRANULATED 2KG,BAG,1.0,3.44,3.44,DRY GOODS
090077,SUGAR ICING 3KG,BAG,1.3,5.99,7.79,DRY GOODS
090078,SUGAR LIGHT BROWN,3KG,0.1,5.18,0.52,DRY GOODS
090079,SUGAR MUSCAVARDO,BOX,10.0,2.78,27.80,DRY GOODS
090080,SUGAR STICKS BRW,BOX,3.0,8.91,26.73,DRY GOODS
090081,SUGAR STICKS WHT,BOX,2.0,6.48,12.96,DRY GOODS
090082,SULTANAS 3KG,BAG,0.7,12.14,8.50,DRY GOODS
090083,SWEETCORN 326G,TIN,5.0,1.06,5.30,DRY GOODS
090084,SWEETNER X1000,BOX,2.0,10.71,21.42,DRY GOODS
090111,TACO SHELLS,BOX,1.0,24.84,24.84,DRY GOODS
090085,TOM PUREE 142G,EAC,1.0,0.60,0.60,DRY GOODS
090086,TOMATO CHOPPED 800,TIN,6.0,1.09,6.54,DRY GOODS
090087,TOMATOES CHOP 2.5K,TIN,7.0,3.90,27.30,DRY GOODS
090089,TUNA 1.7KG,TIN,2.0,8.72,17.44,DRY GOODS
090090,TUNA 800G,TIN,8.0,4.25,34.00,DRY GOODS
090113,VANILLA ESSENSE,BOT,0.5,3.07,1.54,DRY GOODS
090091,VINEGAR 5LTR,BOT,1.0,6.91,6.91,DRY GOODS
090092,VINEGAR SARSONS 250ML,EAC,8.0,1.43,11.44,DRY GOODS
090093,VINEGAR W/WINE 5LT,TUB,7.2,6.99,50.33,DRY GOODS
090094,WALNUTS KGS,BAG,1.8,9.76,17.57,DRY GOODS
100003,BEETROOT WELLINGTON,EAC,2.0,2.57,5.14,PREPARED MEALS
100025,H/M SPECIALS,PTN,42.0,1.50,63.00,PREPARED MEALS
100006,L/M VEG OPTIONS,BOX,24.0,2.50,60.00,PREPARED MEALS
100022,NUT ROAST,EAC,6.0,4.09,24.54,PREPARED MEALS
100007,PASTIES VARIOUS,EAC,28.0,1.46,40.88,PREPARED MEALS
100010,PIE STEAK ALE,EAC,25.0,3.77,94.25,PREPARED MEALS
100024,PIZZA CHS & TOM,BOX,1.0,19.57,19.57,PREPARED MEALS
100012,PORK PIES MINI,BOX,5.0,3.02,15.10,PREPARED MEALS
100016,SAMOSAS VEG X50,BOX,0.5,44.44,22.22,PREPARED MEALS
100017,SAUSAGE ROLLS X40,BOX,0.8,22.99,18.39,PREPARED MEALS
100023,SAUSAGE VEG,BOX,0.6,13.57,8.14,PREPARED MEALS
100018,SAVOURY EGGS,X80,0.9,13.17,11.85,PREPARED MEALS
100019,SPRING ROLL DUCK X50,X90,1.5,40.32,60.48,PREPARED MEALS
100020,STEAK SLICE,EAC,36.0,1.15,41.40,PREPARED MEALS

